185.162.228.235,443,0.0.0.0,SG,Singapore,官方,38 ms
185.162.231.238,443,0.0.0.0,SG,Singapore,官方,34 ms
185.162.231.90,443,0.0.0.0,SG,Singapore,官方,61 ms
195.85.59.174,443,0.0.0.0,SG,Singapore,官方,70 ms
185.162.229.180,443,0.0.0.0,SG,Singapore,官方,50 ms
195.85.59.85,443,0.0.0.0,SG,Singapore,官方,43 ms
185.162.228.141,443,0.0.0.0,SG,Singapore,官方,64 ms
185.162.229.59,443,0.0.0.0,SG,Singapore,官方,52 ms
195.85.23.77,443,0.0.0.0,SG,Singapore,官方,60 ms
195.85.23.157,443,0.0.0.0,SG,Singapore,官方,79 ms
185.162.228.170,443,0.0.0.0,SG,Singapore,官方,112 ms
185.162.230.40,443,0.0.0.0,SG,Singapore,官方,31 ms
185.162.231.52,443,0.0.0.0,SG,Singapore,官方,37 ms
185.162.229.174,443,0.0.0.0,SG,Singapore,官方,69 ms
185.162.231.160,443,0.0.0.0,SG,Singapore,官方,66 ms
185.162.228.19,443,0.0.0.0,SG,Singapore,官方,7 ms
185.162.230.193,443,0.0.0.0,SG,Singapore,官方,87 ms
185.162.231.179,443,0.0.0.0,SG,Singapore,官方,89 ms
185.162.228.200,443,0.0.0.0,SG,Singapore,官方,81 ms
185.162.231.204,443,0.0.0.0,SG,Singapore,官方,6 ms
185.162.228.71,443,0.0.0.0,SG,Singapore,官方,55 ms
195.85.59.236,443,0.0.0.0,SG,Singapore,官方,46 ms
195.85.88.175,443,0.0.0.0,SG,Singapore,官方,2 ms
185.162.228.75,443,0.0.0.0,SG,Singapore,官方,37 ms
195.85.59.96,443,0.0.0.0,SG,Singapore,官方,132 ms
195.85.59.115,443,0.0.0.0,SG,Singapore,官方,150 ms
185.162.228.86,443,0.0.0.0,SG,Singapore,官方,42 ms
185.162.229.243,443,0.0.0.0,SG,Singapore,官方,123 ms
195.85.59.128,443,0.0.0.0,SG,Singapore,官方,13 ms
185.162.231.226,443,0.0.0.0,SG,Singapore,官方,4 ms
195.85.59.207,443,0.0.0.0,SG,Singapore,官方,57 ms
195.85.59.251,443,0.0.0.0,SG,Singapore,官方,129 ms
185.162.231.215,443,0.0.0.0,SG,Singapore,官方,102 ms
195.85.23.160,443,0.0.0.0,SG,Singapore,官方,58 ms
185.162.228.175,443,0.0.0.0,SG,Singapore,官方,14 ms
195.85.88.17,443,0.0.0.0,SG,Singapore,官方,100 ms
195.85.88.74,443,0.0.0.0,SG,Singapore,官方,180 ms
195.85.59.100,443,0.0.0.0,SG,Singapore,官方,72 ms
195.85.23.229,443,0.0.0.0,SG,Singapore,官方,180 ms
185.162.231.139,443,0.0.0.0,SG,Singapore,官方,127 ms
195.85.23.240,443,0.0.0.0,SG,Singapore,官方,109 ms
185.162.230.209,443,0.0.0.0,SG,Singapore,官方,69 ms
185.162.230.99,443,0.0.0.0,SG,Singapore,官方,142 ms
195.85.59.213,443,0.0.0.0,SG,Singapore,官方,120 ms
195.85.59.101,443,0.0.0.0,SG,Singapore,官方,272 ms
185.162.228.95,443,0.0.0.0,SG,Singapore,官方,67 ms
195.85.23.44,443,0.0.0.0,SG,Singapore,官方,193 ms
185.162.230.195,443,0.0.0.0,SG,Singapore,官方,136 ms
195.85.59.58,443,0.0.0.0,SG,Singapore,官方,149 ms
185.162.231.137,443,0.0.0.0,SG,Singapore,官方,11 ms
195.85.23.93,443,0.0.0.0,SG,Singapore,官方,141 ms
185.162.228.161,443,0.0.0.0,SG,Singapore,官方,172 ms
195.85.88.44,443,0.0.0.0,SG,Singapore,官方,114 ms
185.162.228.126,443,0.0.0.0,SG,Singapore,官方,98 ms
185.162.230.243,443,0.0.0.0,SG,Singapore,官方,121 ms
185.162.229.36,443,0.0.0.0,SG,Singapore,官方,117 ms
185.162.229.222,443,0.0.0.0,SG,Singapore,官方,105 ms
185.162.229.94,443,0.0.0.0,SG,Singapore,官方,118 ms
195.85.88.120,443,0.0.0.0,SG,Singapore,官方,192 ms
185.162.228.204,443,0.0.0.0,SG,Singapore,官方,173 ms
185.162.230.112,443,0.0.0.0,SG,Singapore,官方,28 ms
185.162.231.22,443,0.0.0.0,SG,Singapore,官方,130 ms
185.162.228.187,443,0.0.0.0,SG,Singapore,官方,26 ms
185.162.228.148,443,0.0.0.0,SG,Singapore,官方,236 ms
195.85.59.239,443,0.0.0.0,SG,Singapore,官方,54 ms
195.85.59.67,443,0.0.0.0,SG,Singapore,官方,168 ms
185.162.228.188,443,0.0.0.0,SG,Singapore,官方,285 ms
185.162.231.162,443,0.0.0.0,SG,Singapore,官方,25 ms
185.162.228.185,443,0.0.0.0,SG,Singapore,官方,32 ms
185.162.230.61,443,0.0.0.0,SG,Singapore,官方,139 ms
185.162.230.115,443,0.0.0.0,SG,Singapore,官方,136 ms
195.85.59.57,443,0.0.0.0,SG,Singapore,官方,152 ms
195.85.59.162,443,0.0.0.0,SG,Singapore,官方,120 ms
195.85.88.62,443,0.0.0.0,SG,Singapore,官方,79 ms
195.85.88.226,443,0.0.0.0,SG,Singapore,官方,117 ms
185.162.229.111,443,0.0.0.0,SG,Singapore,官方,76 ms
185.162.230.230,443,0.0.0.0,SG,Singapore,官方,232 ms
185.162.229.31,443,0.0.0.0,SG,Singapore,官方,26 ms
195.85.23.127,443,0.0.0.0,SG,Singapore,官方,27 ms
185.162.229.239,443,0.0.0.0,SG,Singapore,官方,118 ms
185.162.229.68,443,0.0.0.0,SG,Singapore,官方,24 ms
185.162.230.237,443,0.0.0.0,SG,Singapore,官方,182 ms
195.85.88.158,443,0.0.0.0,SG,Singapore,官方,154 ms
185.162.229.47,443,0.0.0.0,SG,Singapore,官方,117 ms
195.85.23.22,443,0.0.0.0,SG,Singapore,官方,160 ms
185.162.231.109,443,0.0.0.0,SG,Singapore,官方,257 ms
195.85.59.216,443,0.0.0.0,SG,Singapore,官方,209 ms
185.162.228.5,443,0.0.0.0,SG,Singapore,官方,25 ms
185.162.230.48,443,0.0.0.0,SG,Singapore,官方,186 ms
185.162.231.12,443,0.0.0.0,SG,Singapore,官方,166 ms
185.162.229.3,443,0.0.0.0,SG,Singapore,官方,49 ms
195.85.88.214,443,0.0.0.0,SG,Singapore,官方,122 ms
185.162.230.238,443,0.0.0.0,SG,Singapore,官方,151 ms
195.85.59.82,443,0.0.0.0,SG,Singapore,官方,166 ms
185.162.228.60,443,0.0.0.0,SG,Singapore,官方,221 ms
185.162.229.21,443,0.0.0.0,SG,Singapore,官方,55 ms
185.162.228.144,443,0.0.0.0,SG,Singapore,官方,56 ms
195.85.59.157,443,0.0.0.0,SG,Singapore,官方,218 ms
185.162.231.106,443,0.0.0.0,SG,Singapore,官方,228 ms
185.162.231.135,443,0.0.0.0,SG,Singapore,官方,214 ms
195.85.23.50,443,0.0.0.0,SG,Singapore,官方,117 ms
185.162.231.207,443,0.0.0.0,SG,Singapore,官方,66 ms
195.85.59.81,443,0.0.0.0,SG,Singapore,官方,177 ms
195.85.88.100,443,0.0.0.0,SG,Singapore,官方,51 ms
195.85.59.11,443,0.0.0.0,SG,Singapore,官方,18 ms
195.85.59.241,443,0.0.0.0,SG,Singapore,官方,19 ms
185.162.231.197,443,0.0.0.0,SG,Singapore,官方,67 ms
185.162.231.89,443,0.0.0.0,SG,Singapore,官方,11 ms
185.162.230.153,443,0.0.0.0,SG,Singapore,官方,54 ms
195.85.59.146,443,0.0.0.0,SG,Singapore,官方,201 ms
195.85.88.172,443,0.0.0.0,SG,Singapore,官方,75 ms
195.85.23.0,443,0.0.0.0,SG,Singapore,官方,203 ms
185.162.229.96,443,0.0.0.0,SG,Singapore,官方,207 ms
185.162.228.147,443,0.0.0.0,SG,Singapore,官方,58 ms
185.162.228.66,443,0.0.0.0,SG,Singapore,官方,89 ms
185.162.231.16,443,0.0.0.0,SG,Singapore,官方,94 ms
185.162.229.192,443,0.0.0.0,SG,Singapore,官方,93 ms
195.85.23.61,443,0.0.0.0,SG,Singapore,官方,240 ms
195.85.23.234,443,0.0.0.0,SG,Singapore,官方,19 ms
185.162.231.19,443,0.0.0.0,SG,Singapore,官方,233 ms
185.162.229.151,443,0.0.0.0,SG,Singapore,官方,177 ms
185.162.228.176,443,0.0.0.0,SG,Singapore,官方,99 ms
195.85.23.164,443,0.0.0.0,SG,Singapore,官方,191 ms
195.85.88.129,443,0.0.0.0,SG,Singapore,官方,165 ms
185.162.230.105,443,0.0.0.0,SG,Singapore,官方,87 ms
185.162.230.53,443,0.0.0.0,SG,Singapore,官方,164 ms
195.85.23.16,443,0.0.0.0,SG,Singapore,官方,128 ms
195.85.88.251,443,0.0.0.0,SG,Singapore,官方,220 ms
195.85.59.23,443,0.0.0.0,SG,Singapore,官方,35 ms
185.162.230.219,443,0.0.0.0,SG,Singapore,官方,128 ms
195.85.59.221,443,0.0.0.0,SG,Singapore,官方,15 ms
185.162.229.194,443,0.0.0.0,SG,Singapore,官方,31 ms
185.162.228.206,443,0.0.0.0,SG,Singapore,官方,117 ms
185.162.229.85,443,0.0.0.0,SG,Singapore,官方,234 ms
195.85.59.201,443,0.0.0.0,SG,Singapore,官方,59 ms
195.85.23.242,443,0.0.0.0,SG,Singapore,官方,125 ms
185.162.230.139,443,0.0.0.0,SG,Singapore,官方,45 ms
195.85.88.23,443,0.0.0.0,SG,Singapore,官方,63 ms
185.162.230.100,443,0.0.0.0,SG,Singapore,官方,23 ms
185.162.229.165,443,0.0.0.0,SG,Singapore,官方,235 ms
195.85.23.210,443,0.0.0.0,SG,Singapore,官方,216 ms
195.85.59.165,443,0.0.0.0,SG,Singapore,官方,68 ms
185.162.229.7,443,0.0.0.0,SG,Singapore,官方,95 ms
195.85.59.109,443,0.0.0.0,SG,Singapore,官方,153 ms
185.162.230.211,443,0.0.0.0,SG,Singapore,官方,37 ms
195.85.88.202,443,0.0.0.0,SG,Singapore,官方,124 ms
185.162.228.231,443,0.0.0.0,SG,Singapore,官方,113 ms
185.162.229.129,443,0.0.0.0,SG,Singapore,官方,98 ms
185.162.230.167,443,0.0.0.0,SG,Singapore,官方,129 ms
185.162.231.118,443,0.0.0.0,SG,Singapore,官方,66 ms
195.85.23.243,443,0.0.0.0,SG,Singapore,官方,232 ms
185.162.228.135,443,0.0.0.0,SG,Singapore,官方,46 ms
185.162.229.101,443,0.0.0.0,SG,Singapore,官方,84 ms
195.85.59.212,443,0.0.0.0,SG,Singapore,官方,78 ms
195.85.88.228,443,0.0.0.0,SG,Singapore,官方,119 ms
195.85.23.24,443,0.0.0.0,SG,Singapore,官方,21 ms
195.85.59.91,443,0.0.0.0,SG,Singapore,官方,27 ms
185.162.230.155,443,0.0.0.0,SG,Singapore,官方,133 ms
185.162.230.156,443,0.0.0.0,SG,Singapore,官方,112 ms
185.162.228.114,443,0.0.0.0,SG,Singapore,官方,193 ms
185.162.231.141,443,0.0.0.0,SG,Singapore,官方,9 ms
185.162.231.153,443,0.0.0.0,SG,Singapore,官方,135 ms
195.85.59.117,443,0.0.0.0,SG,Singapore,官方,256 ms
185.162.229.125,443,0.0.0.0,SG,Singapore,官方,191 ms
195.85.59.163,443,0.0.0.0,SG,Singapore,官方,110 ms
185.162.229.120,443,0.0.0.0,SG,Singapore,官方,141 ms
185.162.231.110,443,0.0.0.0,SG,Singapore,官方,137 ms
185.162.231.30,443,0.0.0.0,SG,Singapore,官方,73 ms
185.162.228.236,443,0.0.0.0,SG,Singapore,官方,11 ms
195.85.23.8,443,0.0.0.0,SG,Singapore,官方,247 ms
195.85.88.194,443,0.0.0.0,SG,Singapore,官方,65 ms
185.162.231.23,443,0.0.0.0,SG,Singapore,官方,133 ms
195.85.88.3,443,0.0.0.0,SG,Singapore,官方,132 ms
185.162.230.86,443,0.0.0.0,SG,Singapore,官方,163 ms
195.85.23.125,443,0.0.0.0,SG,Singapore,官方,45 ms
185.162.228.48,443,0.0.0.0,SG,Singapore,官方,145 ms
185.162.231.182,443,0.0.0.0,SG,Singapore,官方,89 ms
195.85.59.203,443,0.0.0.0,SG,Singapore,官方,60 ms
185.162.228.36,443,0.0.0.0,SG,Singapore,官方,127 ms
185.162.229.130,443,0.0.0.0,SG,Singapore,官方,190 ms
195.85.23.158,443,0.0.0.0,SG,Singapore,官方,135 ms
195.85.59.130,443,0.0.0.0,SG,Singapore,官方,13 ms
185.162.231.245,443,0.0.0.0,SG,Singapore,官方,63 ms
195.85.88.98,443,0.0.0.0,SG,Singapore,官方,76 ms
195.85.88.212,443,0.0.0.0,SG,Singapore,官方,51 ms
185.162.228.173,443,0.0.0.0,SG,Singapore,官方,28 ms
185.162.228.120,443,0.0.0.0,SG,Singapore,官方,29 ms
185.162.230.226,443,0.0.0.0,SG,Singapore,官方,83 ms
195.85.88.245,443,0.0.0.0,SG,Singapore,官方,126 ms
185.162.228.212,443,0.0.0.0,SG,Singapore,官方,145 ms
185.162.230.67,443,0.0.0.0,SG,Singapore,官方,85 ms
195.85.88.46,443,0.0.0.0,SG,Singapore,官方,148 ms
195.85.59.244,443,0.0.0.0,SG,Singapore,官方,59 ms
185.162.231.132,443,0.0.0.0,SG,Singapore,官方,217 ms
185.162.228.255,443,0.0.0.0,SG,Singapore,官方,133 ms
185.162.229.49,443,0.0.0.0,SG,Singapore,官方,13 ms
195.85.88.216,443,0.0.0.0,SG,Singapore,官方,49 ms
185.162.229.201,443,0.0.0.0,SG,Singapore,官方,152 ms
185.162.231.1,443,0.0.0.0,SG,Singapore,官方,239 ms
185.162.231.8,443,0.0.0.0,SG,Singapore,官方,157 ms
185.162.231.202,443,0.0.0.0,SG,Singapore,官方,52 ms
195.85.59.197,443,0.0.0.0,SG,Singapore,官方,117 ms
195.85.88.243,443,0.0.0.0,SG,Singapore,官方,217 ms
185.162.231.241,443,0.0.0.0,SG,Singapore,官方,51 ms
195.85.23.70,443,0.0.0.0,SG,Singapore,官方,10 ms
185.162.231.186,443,0.0.0.0,SG,Singapore,官方,42 ms
195.85.88.114,443,0.0.0.0,SG,Singapore,官方,11 ms
195.85.88.210,443,0.0.0.0,SG,Singapore,官方,48 ms
195.85.88.52,443,0.0.0.0,SG,Singapore,官方,197 ms
195.85.88.222,443,0.0.0.0,SG,Singapore,官方,20 ms
195.85.88.82,443,0.0.0.0,SG,Singapore,官方,18 ms
185.162.231.229,443,0.0.0.0,SG,Singapore,官方,138 ms
195.85.23.187,443,0.0.0.0,SG,Singapore,官方,148 ms
185.162.231.252,443,0.0.0.0,SG,Singapore,官方,169 ms
195.85.23.1,443,0.0.0.0,SG,Singapore,官方,30 ms
195.85.88.233,443,0.0.0.0,SG,Singapore,官方,22 ms
185.162.228.109,443,0.0.0.0,SG,Singapore,官方,120 ms
195.85.88.69,443,0.0.0.0,SG,Singapore,官方,237 ms
195.85.88.102,443,0.0.0.0,SG,Singapore,官方,23 ms
185.162.229.186,443,0.0.0.0,SG,Singapore,官方,76 ms
185.162.230.190,443,0.0.0.0,SG,Singapore,官方,163 ms
195.85.59.193,443,0.0.0.0,SG,Singapore,官方,244 ms
195.85.88.142,443,0.0.0.0,SG,Singapore,官方,11 ms
185.162.228.247,443,0.0.0.0,SG,Singapore,官方,14 ms
195.85.88.225,443,0.0.0.0,SG,Singapore,官方,79 ms
185.162.230.224,443,0.0.0.0,SG,Singapore,官方,48 ms
195.85.59.138,443,0.0.0.0,SG,Singapore,官方,87 ms
185.162.230.199,443,0.0.0.0,SG,Singapore,官方,105 ms
185.162.230.179,443,0.0.0.0,SG,Singapore,官方,133 ms
195.85.59.126,443,0.0.0.0,SG,Singapore,官方,32 ms
195.85.88.219,443,0.0.0.0,SG,Singapore,官方,173 ms
195.85.88.68,443,0.0.0.0,SG,Singapore,官方,183 ms
195.85.88.137,443,0.0.0.0,SG,Singapore,官方,236 ms
195.85.59.161,443,0.0.0.0,SG,Singapore,官方,122 ms
185.162.231.33,443,0.0.0.0,SG,Singapore,官方,7 ms
185.162.231.152,443,0.0.0.0,SG,Singapore,官方,43 ms
185.162.229.191,443,0.0.0.0,SG,Singapore,官方,16 ms
185.162.229.183,443,0.0.0.0,SG,Singapore,官方,107 ms
185.162.229.35,443,0.0.0.0,SG,Singapore,官方,5 ms
185.162.231.136,443,0.0.0.0,SG,Singapore,官方,102 ms
185.162.229.65,443,0.0.0.0,SG,Singapore,官方,154 ms
185.162.230.148,443,0.0.0.0,SG,Singapore,官方,39 ms
195.85.23.162,443,0.0.0.0,SG,Singapore,官方,24 ms
195.85.23.150,443,0.0.0.0,SG,Singapore,官方,35 ms
185.162.229.86,443,0.0.0.0,SG,Singapore,官方,158 ms
195.85.23.7,443,0.0.0.0,SG,Singapore,官方,65 ms
185.162.229.181,443,0.0.0.0,SG,Singapore,官方,6 ms
185.162.228.59,443,0.0.0.0,SG,Singapore,官方,39 ms
185.162.228.22,443,0.0.0.0,SG,Singapore,官方,88 ms
195.85.88.143,443,0.0.0.0,SG,Singapore,官方,213 ms
185.162.231.26,443,0.0.0.0,SG,Singapore,官方,26 ms
185.162.231.39,443,0.0.0.0,SG,Singapore,官方,17 ms
185.162.229.122,443,0.0.0.0,SG,Singapore,官方,184 ms
185.162.230.158,443,0.0.0.0,SG,Singapore,官方,164 ms
195.85.23.102,443,0.0.0.0,SG,Singapore,官方,115 ms
185.162.228.31,443,0.0.0.0,SG,Singapore,官方,23 ms
195.85.88.47,443,0.0.0.0,SG,Singapore,官方,53 ms
195.85.59.185,443,0.0.0.0,SG,Singapore,官方,194 ms
195.85.88.201,443,0.0.0.0,SG,Singapore,官方,28 ms
195.85.88.110,443,0.0.0.0,SG,Singapore,官方,36 ms
185.162.229.6,443,0.0.0.0,SG,Singapore,官方,44 ms
185.162.230.231,443,0.0.0.0,SG,Singapore,官方,75 ms
185.162.231.58,443,0.0.0.0,SG,Singapore,官方,90 ms
185.162.229.250,443,0.0.0.0,SG,Singapore,官方,74 ms
185.162.230.68,443,0.0.0.0,SG,Singapore,官方,20 ms
185.162.231.218,443,0.0.0.0,SG,Singapore,官方,118 ms
195.85.88.83,443,0.0.0.0,SG,Singapore,官方,130 ms
195.85.23.10,443,0.0.0.0,SG,Singapore,官方,61 ms
185.162.230.66,443,0.0.0.0,SG,Singapore,官方,96 ms
195.85.59.249,443,0.0.0.0,SG,Singapore,官方,197 ms
195.85.59.112,443,0.0.0.0,SG,Singapore,官方,143 ms
185.162.231.172,443,0.0.0.0,SG,Singapore,官方,122 ms
195.85.59.6,443,0.0.0.0,SG,Singapore,官方,244 ms
195.85.88.239,443,0.0.0.0,SG,Singapore,官方,42 ms
185.162.230.194,443,0.0.0.0,SG,Singapore,官方,228 ms
185.162.230.39,443,0.0.0.0,SG,Singapore,官方,17 ms
185.162.228.80,443,0.0.0.0,SG,Singapore,官方,62 ms
195.85.59.235,443,0.0.0.0,SG,Singapore,官方,106 ms
195.85.59.250,443,0.0.0.0,SG,Singapore,官方,116 ms
185.162.231.196,443,0.0.0.0,SG,Singapore,官方,294 ms
195.85.23.230,443,0.0.0.0,SG,Singapore,官方,45 ms
185.162.231.190,443,0.0.0.0,SG,Singapore,官方,65 ms
195.85.88.223,443,0.0.0.0,SG,Singapore,官方,183 ms
185.162.228.37,443,0.0.0.0,SG,Singapore,官方,30 ms
185.162.231.205,443,0.0.0.0,SG,Singapore,官方,141 ms
195.85.23.161,443,0.0.0.0,SG,Singapore,官方,198 ms
185.162.231.121,443,0.0.0.0,SG,Singapore,官方,123 ms
185.162.228.108,443,0.0.0.0,SG,Singapore,官方,201 ms
185.162.231.223,443,0.0.0.0,SG,Singapore,官方,77 ms
185.162.228.116,443,0.0.0.0,SG,Singapore,官方,167 ms
195.85.88.113,443,0.0.0.0,SG,Singapore,官方,97 ms
195.85.88.43,443,0.0.0.0,SG,Singapore,官方,68 ms
195.85.23.141,443,0.0.0.0,SG,Singapore,官方,84 ms
185.162.228.32,443,0.0.0.0,SG,Singapore,官方,46 ms
185.162.231.221,443,0.0.0.0,SG,Singapore,官方,193 ms
185.162.229.215,443,0.0.0.0,SG,Singapore,官方,172 ms
185.162.231.129,443,0.0.0.0,SG,Singapore,官方,135 ms
195.85.23.83,443,0.0.0.0,SG,Singapore,官方,131 ms
195.85.23.126,443,0.0.0.0,SG,Singapore,官方,74 ms
195.85.59.42,443,0.0.0.0,SG,Singapore,官方,136 ms
195.85.88.88,443,0.0.0.0,SG,Singapore,官方,88 ms
185.162.229.80,443,0.0.0.0,SG,Singapore,官方,46 ms
195.85.23.252,443,0.0.0.0,SG,Singapore,官方,76 ms
195.85.59.93,443,0.0.0.0,SG,Singapore,官方,121 ms
185.162.228.18,443,0.0.0.0,SG,Singapore,官方,34 ms
185.162.231.3,443,0.0.0.0,SG,Singapore,官方,157 ms
185.162.231.187,443,0.0.0.0,SG,Singapore,官方,182 ms
185.162.230.126,443,0.0.0.0,SG,Singapore,官方,49 ms
185.162.228.53,443,0.0.0.0,SG,Singapore,官方,56 ms
185.162.228.63,443,0.0.0.0,SG,Singapore,官方,100 ms
195.85.23.39,443,0.0.0.0,SG,Singapore,官方,215 ms
185.162.231.62,443,0.0.0.0,SG,Singapore,官方,37 ms
185.162.229.1,443,0.0.0.0,SG,Singapore,官方,168 ms
185.162.230.206,443,0.0.0.0,SG,Singapore,官方,41 ms
195.85.88.186,443,0.0.0.0,SG,Singapore,官方,52 ms
185.162.229.138,443,0.0.0.0,SG,Singapore,官方,132 ms
195.85.23.191,443,0.0.0.0,SG,Singapore,官方,163 ms
195.85.23.217,443,0.0.0.0,SG,Singapore,官方,229 ms
185.162.228.150,443,0.0.0.0,SG,Singapore,官方,112 ms
195.85.88.106,443,0.0.0.0,SG,Singapore,官方,242 ms
185.162.231.34,443,0.0.0.0,SG,Singapore,官方,66 ms
195.85.23.108,443,0.0.0.0,SG,Singapore,官方,157 ms
185.162.229.167,443,0.0.0.0,SG,Singapore,官方,89 ms
185.162.230.75,443,0.0.0.0,SG,Singapore,官方,92 ms
195.85.23.57,443,0.0.0.0,SG,Singapore,官方,202 ms
195.85.88.11,443,0.0.0.0,SG,Singapore,官方,34 ms
185.162.230.30,443,0.0.0.0,SG,Singapore,官方,96 ms
185.162.228.30,443,0.0.0.0,SG,Singapore,官方,14 ms
185.162.230.98,443,0.0.0.0,SG,Singapore,官方,73 ms
185.162.229.196,443,0.0.0.0,SG,Singapore,官方,52 ms
195.85.88.80,443,0.0.0.0,SG,Singapore,官方,58 ms
185.162.228.4,443,0.0.0.0,SG,Singapore,官方,121 ms
185.162.230.241,443,0.0.0.0,SG,Singapore,官方,66 ms
185.162.228.25,443,0.0.0.0,SG,Singapore,官方,126 ms
185.162.228.0,443,0.0.0.0,SG,Singapore,官方,98 ms
185.162.228.38,443,0.0.0.0,SG,Singapore,官方,257 ms
185.162.231.194,443,0.0.0.0,SG,Singapore,官方,48 ms
185.162.229.141,443,0.0.0.0,SG,Singapore,官方,120 ms
185.162.229.72,443,0.0.0.0,SG,Singapore,官方,140 ms
185.162.229.236,443,0.0.0.0,SG,Singapore,官方,77 ms
185.162.228.24,443,0.0.0.0,SG,Singapore,官方,174 ms
185.162.231.41,443,0.0.0.0,SG,Singapore,官方,241 ms
185.162.229.112,443,0.0.0.0,SG,Singapore,官方,43 ms
185.162.229.40,443,0.0.0.0,SG,Singapore,官方,19 ms
195.85.23.149,443,0.0.0.0,SG,Singapore,官方,59 ms
185.162.230.202,443,0.0.0.0,SG,Singapore,官方,182 ms
195.85.59.247,443,0.0.0.0,SG,Singapore,官方,28 ms
185.162.231.55,443,0.0.0.0,SG,Singapore,官方,106 ms
195.85.23.253,443,0.0.0.0,SG,Singapore,官方,20 ms
185.162.230.5,443,0.0.0.0,SG,Singapore,官方,19 ms
195.85.88.119,443,0.0.0.0,SG,Singapore,官方,42 ms
195.85.23.142,443,0.0.0.0,SG,Singapore,官方,229 ms
195.85.88.200,443,0.0.0.0,SG,Singapore,官方,112 ms
195.85.23.153,443,0.0.0.0,SG,Singapore,官方,13 ms
195.85.23.51,443,0.0.0.0,SG,Singapore,官方,153 ms
185.162.231.104,443,0.0.0.0,SG,Singapore,官方,108 ms
185.162.229.63,443,0.0.0.0,SG,Singapore,官方,160 ms
185.162.228.21,443,0.0.0.0,SG,Singapore,官方,182 ms
195.85.88.167,443,0.0.0.0,SG,Singapore,官方,182 ms
195.85.59.173,443,0.0.0.0,SG,Singapore,官方,195 ms
185.162.228.42,443,0.0.0.0,SG,Singapore,官方,86 ms
185.162.231.148,443,0.0.0.0,SG,Singapore,官方,34 ms
185.162.230.44,443,0.0.0.0,SG,Singapore,官方,199 ms
185.162.229.149,443,0.0.0.0,SG,Singapore,官方,173 ms
195.85.88.241,443,0.0.0.0,SG,Singapore,官方,52 ms
195.85.59.119,443,0.0.0.0,SG,Singapore,官方,66 ms
185.162.231.211,443,0.0.0.0,SG,Singapore,官方,144 ms
185.162.230.207,443,0.0.0.0,SG,Singapore,官方,13 ms
185.162.231.77,443,0.0.0.0,SG,Singapore,官方,273 ms
185.162.230.6,443,0.0.0.0,SG,Singapore,官方,184 ms
185.162.230.76,443,0.0.0.0,SG,Singapore,官方,25 ms
185.162.231.235,443,0.0.0.0,SG,Singapore,官方,139 ms
185.162.230.106,443,0.0.0.0,SG,Singapore,官方,18 ms
185.162.228.118,443,0.0.0.0,SG,Singapore,官方,240 ms
185.162.229.133,443,0.0.0.0,SG,Singapore,官方,164 ms
185.162.231.115,443,0.0.0.0,SG,Singapore,官方,12 ms
185.162.231.183,443,0.0.0.0,SG,Singapore,官方,127 ms
185.162.229.231,443,0.0.0.0,SG,Singapore,官方,211 ms
185.162.229.99,443,0.0.0.0,SG,Singapore,官方,37 ms
185.162.228.44,443,0.0.0.0,SG,Singapore,官方,237 ms
185.162.230.163,443,0.0.0.0,SG,Singapore,官方,24 ms
185.162.231.93,443,0.0.0.0,SG,Singapore,官方,133 ms
195.85.23.64,443,0.0.0.0,SG,Singapore,官方,167 ms
195.85.23.110,443,0.0.0.0,SG,Singapore,官方,50 ms
195.85.88.246,443,0.0.0.0,SG,Singapore,官方,47 ms
185.162.231.161,443,0.0.0.0,SG,Singapore,官方,163 ms
185.162.228.117,443,0.0.0.0,SG,Singapore,官方,265 ms
185.162.228.215,443,0.0.0.0,SG,Singapore,官方,100 ms
195.85.23.247,443,0.0.0.0,SG,Singapore,官方,190 ms
185.162.230.51,443,0.0.0.0,SG,Singapore,官方,50 ms
185.162.228.123,443,0.0.0.0,SG,Singapore,官方,18 ms
185.162.229.251,443,0.0.0.0,SG,Singapore,官方,121 ms
195.85.23.32,443,0.0.0.0,SG,Singapore,官方,184 ms
185.162.230.174,443,0.0.0.0,SG,Singapore,官方,153 ms
185.162.228.88,443,0.0.0.0,SG,Singapore,官方,78 ms
185.162.231.70,443,0.0.0.0,SG,Singapore,官方,106 ms
195.85.88.170,443,0.0.0.0,SG,Singapore,官方,38 ms
185.162.229.253,443,0.0.0.0,SG,Singapore,官方,84 ms
195.85.88.53,443,0.0.0.0,SG,Singapore,官方,132 ms
185.162.231.239,443,0.0.0.0,SG,Singapore,官方,178 ms
195.85.88.204,443,0.0.0.0,SG,Singapore,官方,97 ms
195.85.23.221,443,0.0.0.0,SG,Singapore,官方,3 ms
185.162.228.203,443,0.0.0.0,SG,Singapore,官方,178 ms
185.162.231.37,443,0.0.0.0,SG,Singapore,官方,174 ms
195.85.88.125,443,0.0.0.0,SG,Singapore,官方,246 ms
185.162.231.11,443,0.0.0.0,SG,Singapore,官方,246 ms
195.85.59.84,443,0.0.0.0,SG,Singapore,官方,145 ms
195.85.23.232,443,0.0.0.0,SG,Singapore,官方,121 ms
195.85.59.89,443,0.0.0.0,SG,Singapore,官方,111 ms
185.162.231.176,443,0.0.0.0,SG,Singapore,官方,142 ms
185.162.231.125,443,0.0.0.0,SG,Singapore,官方,83 ms
195.85.59.51,443,0.0.0.0,SG,Singapore,官方,135 ms
185.162.230.90,443,0.0.0.0,SG,Singapore,官方,57 ms
195.85.59.180,443,0.0.0.0,SG,Singapore,官方,163 ms
195.85.59.233,443,0.0.0.0,SG,Singapore,官方,153 ms
195.85.23.96,443,0.0.0.0,SG,Singapore,官方,198 ms
185.162.229.54,443,0.0.0.0,SG,Singapore,官方,15 ms
195.85.59.79,443,0.0.0.0,SG,Singapore,官方,179 ms
185.162.228.172,443,0.0.0.0,SG,Singapore,官方,171 ms
195.85.23.203,443,0.0.0.0,SG,Singapore,官方,12 ms
195.85.88.111,443,0.0.0.0,SG,Singapore,官方,158 ms
195.85.23.117,443,0.0.0.0,SG,Singapore,官方,118 ms
185.162.228.211,443,0.0.0.0,SG,Singapore,官方,81 ms
185.162.229.9,443,0.0.0.0,SG,Singapore,官方,127 ms
185.162.228.127,443,0.0.0.0,SG,Singapore,官方,63 ms
185.162.228.229,443,0.0.0.0,SG,Singapore,官方,68 ms
185.162.229.78,443,0.0.0.0,SG,Singapore,官方,104 ms
185.162.230.160,443,0.0.0.0,SG,Singapore,官方,117 ms
185.162.229.232,443,0.0.0.0,SG,Singapore,官方,119 ms
185.162.228.248,443,0.0.0.0,SG,Singapore,官方,78 ms
185.162.228.190,443,0.0.0.0,SG,Singapore,官方,176 ms
185.162.228.237,443,0.0.0.0,SG,Singapore,官方,26 ms
185.162.230.172,443,0.0.0.0,SG,Singapore,官方,15 ms
185.162.229.0,443,0.0.0.0,SG,Singapore,官方,119 ms
185.162.230.23,443,0.0.0.0,SG,Singapore,官方,99 ms
185.162.229.227,443,0.0.0.0,SG,Singapore,官方,197 ms
185.162.228.39,443,0.0.0.0,SG,Singapore,官方,91 ms
185.162.228.106,443,0.0.0.0,SG,Singapore,官方,105 ms
185.162.229.184,443,0.0.0.0,SG,Singapore,官方,58 ms
185.162.228.68,443,0.0.0.0,SG,Singapore,官方,92 ms
195.85.59.137,443,0.0.0.0,SG,Singapore,官方,108 ms
185.162.230.62,443,0.0.0.0,SG,Singapore,官方,62 ms
195.85.59.217,443,0.0.0.0,SG,Singapore,官方,111 ms
195.85.23.84,443,0.0.0.0,SG,Singapore,官方,160 ms
195.85.88.221,443,0.0.0.0,SG,Singapore,官方,239 ms
195.85.59.191,443,0.0.0.0,SG,Singapore,官方,14 ms
185.162.228.202,443,0.0.0.0,SG,Singapore,官方,55 ms
185.162.228.105,443,0.0.0.0,SG,Singapore,官方,240 ms
195.85.88.163,443,0.0.0.0,SG,Singapore,官方,14 ms
195.85.23.63,443,0.0.0.0,SG,Singapore,官方,118 ms
185.162.228.11,443,0.0.0.0,SG,Singapore,官方,74 ms
185.162.229.75,443,0.0.0.0,SG,Singapore,官方,221 ms
195.85.59.106,443,0.0.0.0,SG,Singapore,官方,212 ms
185.162.230.2,443,0.0.0.0,SG,Singapore,官方,130 ms
195.85.59.121,443,0.0.0.0,SG,Singapore,官方,172 ms
195.85.23.129,443,0.0.0.0,SG,Singapore,官方,21 ms
195.85.88.168,443,0.0.0.0,SG,Singapore,官方,168 ms
195.85.59.2,443,0.0.0.0,SG,Singapore,官方,48 ms
185.162.229.182,443,0.0.0.0,SG,Singapore,官方,190 ms
185.162.228.219,443,0.0.0.0,SG,Singapore,官方,8 ms
195.85.23.103,443,0.0.0.0,SG,Singapore,官方,98 ms
185.162.228.178,443,0.0.0.0,SG,Singapore,官方,100 ms
185.162.229.22,443,0.0.0.0,SG,Singapore,官方,12 ms
195.85.59.164,443,0.0.0.0,SG,Singapore,官方,108 ms
185.162.228.10,443,0.0.0.0,SG,Singapore,官方,42 ms
185.162.229.128,443,0.0.0.0,SG,Singapore,官方,96 ms
195.85.88.151,443,0.0.0.0,SG,Singapore,官方,34 ms
185.162.228.242,443,0.0.0.0,SG,Singapore,官方,49 ms
195.85.23.239,443,0.0.0.0,SG,Singapore,官方,99 ms
185.162.228.26,443,0.0.0.0,SG,Singapore,官方,85 ms
195.85.59.215,443,0.0.0.0,SG,Singapore,官方,43 ms
185.162.229.242,443,0.0.0.0,SG,Singapore,官方,5 ms
185.162.231.165,443,0.0.0.0,SG,Singapore,官方,39 ms
185.162.230.205,443,0.0.0.0,SG,Singapore,官方,208 ms
185.162.229.157,443,0.0.0.0,SG,Singapore,官方,93 ms
185.162.228.165,443,0.0.0.0,SG,Singapore,官方,152 ms
195.85.59.15,443,0.0.0.0,SG,Singapore,官方,70 ms
195.85.88.78,443,0.0.0.0,SG,Singapore,官方,54 ms
185.162.231.149,443,0.0.0.0,SG,Singapore,官方,137 ms
195.85.88.127,443,0.0.0.0,SG,Singapore,官方,199 ms
195.85.88.230,443,0.0.0.0,SG,Singapore,官方,62 ms
185.162.231.38,443,0.0.0.0,SG,Singapore,官方,78 ms
185.162.231.91,443,0.0.0.0,SG,Singapore,官方,130 ms
195.85.23.238,443,0.0.0.0,SG,Singapore,官方,47 ms
195.85.88.58,443,0.0.0.0,SG,Singapore,官方,154 ms
185.162.228.20,443,0.0.0.0,SG,Singapore,官方,93 ms
185.162.228.54,443,0.0.0.0,SG,Singapore,官方,14 ms
185.162.231.46,443,0.0.0.0,SG,Singapore,官方,173 ms
185.162.229.34,443,0.0.0.0,SG,Singapore,官方,48 ms
185.162.230.147,443,0.0.0.0,SG,Singapore,官方,144 ms
195.85.59.17,443,0.0.0.0,SG,Singapore,官方,27 ms
185.162.230.91,443,0.0.0.0,SG,Singapore,官方,200 ms
195.85.59.129,443,0.0.0.0,SG,Singapore,官方,177 ms
195.85.88.118,443,0.0.0.0,SG,Singapore,官方,120 ms
195.85.23.33,443,0.0.0.0,SG,Singapore,官方,180 ms
185.162.230.104,443,0.0.0.0,SG,Singapore,官方,197 ms
185.162.231.151,443,0.0.0.0,SG,Singapore,官方,85 ms
195.85.88.6,443,0.0.0.0,SG,Singapore,官方,53 ms
195.85.23.225,443,0.0.0.0,SG,Singapore,官方,75 ms
185.162.229.26,443,0.0.0.0,SG,Singapore,官方,99 ms
185.162.231.124,443,0.0.0.0,SG,Singapore,官方,56 ms
185.162.230.65,443,0.0.0.0,SG,Singapore,官方,12 ms
185.162.231.233,443,0.0.0.0,SG,Singapore,官方,217 ms
195.85.59.52,443,0.0.0.0,SG,Singapore,官方,162 ms
185.162.230.187,443,0.0.0.0,SG,Singapore,官方,71 ms
195.85.88.32,443,0.0.0.0,SG,Singapore,官方,130 ms
185.162.228.146,443,0.0.0.0,SG,Singapore,官方,126 ms
185.162.231.206,443,0.0.0.0,SG,Singapore,官方,41 ms
185.162.231.156,443,0.0.0.0,SG,Singapore,官方,227 ms
185.162.230.117,443,0.0.0.0,SG,Singapore,官方,153 ms
195.85.88.199,443,0.0.0.0,SG,Singapore,官方,177 ms
185.162.228.145,443,0.0.0.0,SG,Singapore,官方,104 ms
185.162.231.234,443,0.0.0.0,SG,Singapore,官方,84 ms
185.162.231.68,443,0.0.0.0,SG,Singapore,官方,138 ms
195.85.23.80,443,0.0.0.0,SG,Singapore,官方,62 ms
195.85.59.7,443,0.0.0.0,SG,Singapore,官方,110 ms
185.162.230.87,443,0.0.0.0,SG,Singapore,官方,149 ms
185.162.230.94,443,0.0.0.0,SG,Singapore,官方,35 ms
185.162.230.125,443,0.0.0.0,SG,Singapore,官方,141 ms
185.162.229.107,443,0.0.0.0,SG,Singapore,官方,111 ms
195.85.59.219,443,0.0.0.0,SG,Singapore,官方,209 ms
195.85.59.145,443,0.0.0.0,SG,Singapore,官方,65 ms
185.162.228.254,443,0.0.0.0,SG,Singapore,官方,197 ms
195.85.59.208,443,0.0.0.0,SG,Singapore,官方,68 ms
195.85.59.111,443,0.0.0.0,SG,Singapore,官方,184 ms
195.85.23.53,443,0.0.0.0,SG,Singapore,官方,126 ms
185.162.229.74,443,0.0.0.0,SG,Singapore,官方,39 ms
185.162.229.147,443,0.0.0.0,SG,Singapore,官方,178 ms
195.85.23.37,443,0.0.0.0,SG,Singapore,官方,136 ms
185.162.229.92,443,0.0.0.0,SG,Singapore,官方,137 ms
195.85.88.134,443,0.0.0.0,SG,Singapore,官方,142 ms
195.85.23.192,443,0.0.0.0,SG,Singapore,官方,117 ms
185.162.230.183,443,0.0.0.0,SG,Singapore,官方,161 ms
185.162.230.210,443,0.0.0.0,SG,Singapore,官方,102 ms
185.162.228.180,443,0.0.0.0,SG,Singapore,官方,193 ms
185.162.228.199,443,0.0.0.0,SG,Singapore,官方,116 ms
195.85.23.130,443,0.0.0.0,SG,Singapore,官方,223 ms
195.85.59.29,443,0.0.0.0,SG,Singapore,官方,187 ms
185.162.229.41,443,0.0.0.0,SG,Singapore,官方,104 ms
195.85.23.128,443,0.0.0.0,SG,Singapore,官方,132 ms
185.162.228.64,443,0.0.0.0,SG,Singapore,官方,105 ms
185.162.231.242,443,0.0.0.0,SG,Singapore,官方,183 ms
185.162.228.15,443,0.0.0.0,SG,Singapore,官方,168 ms
185.162.228.193,443,0.0.0.0,SG,Singapore,官方,214 ms
195.85.23.228,443,0.0.0.0,SG,Singapore,官方,78 ms
195.85.23.152,443,0.0.0.0,SG,Singapore,官方,9 ms
185.162.230.58,443,0.0.0.0,SG,Singapore,官方,96 ms
195.85.23.106,443,0.0.0.0,SG,Singapore,官方,45 ms
185.162.229.38,443,0.0.0.0,SG,Singapore,官方,141 ms
185.162.230.169,443,0.0.0.0,SG,Singapore,官方,137 ms
195.85.88.165,443,0.0.0.0,SG,Singapore,官方,21 ms
195.85.88.179,443,0.0.0.0,SG,Singapore,官方,80 ms
185.162.231.49,443,0.0.0.0,SG,Singapore,官方,158 ms
195.85.88.213,443,0.0.0.0,SG,Singapore,官方,27 ms
185.162.228.12,443,0.0.0.0,SG,Singapore,官方,51 ms
185.162.229.17,443,0.0.0.0,SG,Singapore,官方,20 ms
195.85.88.174,443,0.0.0.0,SG,Singapore,官方,90 ms
185.162.229.114,443,0.0.0.0,SG,Singapore,官方,42 ms
195.85.23.118,443,0.0.0.0,SG,Singapore,官方,228 ms
185.162.229.159,443,0.0.0.0,SG,Singapore,官方,177 ms
195.85.88.144,443,0.0.0.0,SG,Singapore,官方,101 ms
185.162.228.129,443,0.0.0.0,SG,Singapore,官方,19 ms
185.162.228.156,443,0.0.0.0,SG,Singapore,官方,76 ms
195.85.23.246,443,0.0.0.0,SG,Singapore,官方,3 ms
195.85.23.173,443,0.0.0.0,SG,Singapore,官方,18 ms
185.162.229.226,443,0.0.0.0,SG,Singapore,官方,7 ms
195.85.59.107,443,0.0.0.0,SG,Singapore,官方,7 ms
185.162.228.125,443,0.0.0.0,SG,Singapore,官方,99 ms
195.85.23.202,443,0.0.0.0,SG,Singapore,官方,121 ms
195.85.59.204,443,0.0.0.0,SG,Singapore,官方,16 ms
185.162.230.152,443,0.0.0.0,SG,Singapore,官方,128 ms
195.85.88.12,443,0.0.0.0,SG,Singapore,官方,39 ms
195.85.88.67,443,0.0.0.0,SG,Singapore,官方,226 ms
185.162.228.240,443,0.0.0.0,SG,Singapore,官方,43 ms
185.162.230.32,443,0.0.0.0,SG,Singapore,官方,156 ms
185.162.231.67,443,0.0.0.0,SG,Singapore,官方,18 ms
185.162.231.81,443,0.0.0.0,SG,Singapore,官方,12 ms
185.162.230.78,443,0.0.0.0,SG,Singapore,官方,141 ms
195.85.59.206,443,0.0.0.0,SG,Singapore,官方,157 ms
185.162.230.250,443,0.0.0.0,SG,Singapore,官方,41 ms
185.162.229.98,443,0.0.0.0,SG,Singapore,官方,112 ms
185.162.230.37,443,0.0.0.0,SG,Singapore,官方,54 ms
195.85.59.144,443,0.0.0.0,SG,Singapore,官方,30 ms
195.85.23.168,443,0.0.0.0,SG,Singapore,官方,122 ms
195.85.59.127,443,0.0.0.0,SG,Singapore,官方,86 ms
185.162.229.254,443,0.0.0.0,SG,Singapore,官方,173 ms
195.85.88.176,443,0.0.0.0,SG,Singapore,官方,225 ms
185.162.231.127,443,0.0.0.0,SG,Singapore,官方,54 ms
185.162.229.190,443,0.0.0.0,SG,Singapore,官方,208 ms
195.85.88.0,443,0.0.0.0,SG,Singapore,官方,228 ms
195.85.88.87,443,0.0.0.0,SG,Singapore,官方,138 ms
185.162.228.169,443,0.0.0.0,SG,Singapore,官方,109 ms
185.162.231.224,443,0.0.0.0,SG,Singapore,官方,5 ms
185.162.228.252,443,0.0.0.0,SG,Singapore,官方,218 ms
195.85.59.65,443,0.0.0.0,SG,Singapore,官方,8 ms
185.162.230.27,443,0.0.0.0,SG,Singapore,官方,118 ms
195.85.23.26,443,0.0.0.0,SG,Singapore,官方,54 ms
185.162.229.210,443,0.0.0.0,SG,Singapore,官方,184 ms
195.85.59.90,443,0.0.0.0,SG,Singapore,官方,219 ms
185.162.229.90,443,0.0.0.0,SG,Singapore,官方,118 ms
195.85.88.235,443,0.0.0.0,SG,Singapore,官方,119 ms
185.162.229.76,443,0.0.0.0,SG,Singapore,官方,62 ms
195.85.88.65,443,0.0.0.0,SG,Singapore,官方,23 ms
195.85.88.115,443,0.0.0.0,SG,Singapore,官方,97 ms
185.162.231.66,443,0.0.0.0,SG,Singapore,官方,18 ms
195.85.23.67,443,0.0.0.0,SG,Singapore,官方,140 ms
185.162.228.209,443,0.0.0.0,SG,Singapore,官方,98 ms
195.85.59.166,443,0.0.0.0,SG,Singapore,官方,214 ms
185.162.229.235,443,0.0.0.0,SG,Singapore,官方,244 ms
185.162.230.109,443,0.0.0.0,SG,Singapore,官方,122 ms
195.85.59.24,443,0.0.0.0,SG,Singapore,官方,161 ms
195.85.88.79,443,0.0.0.0,SG,Singapore,官方,82 ms
185.162.228.136,443,0.0.0.0,SG,Singapore,官方,144 ms
195.85.23.147,443,0.0.0.0,SG,Singapore,官方,94 ms
185.162.229.37,443,0.0.0.0,SG,Singapore,官方,142 ms
195.85.88.20,443,0.0.0.0,SG,Singapore,官方,45 ms
195.85.59.200,443,0.0.0.0,SG,Singapore,官方,174 ms
195.85.88.35,443,0.0.0.0,SG,Singapore,官方,91 ms
185.162.231.2,443,0.0.0.0,SG,Singapore,官方,29 ms
195.85.88.133,443,0.0.0.0,SG,Singapore,官方,159 ms
185.162.231.219,443,0.0.0.0,SG,Singapore,官方,142 ms
185.162.228.225,443,0.0.0.0,SG,Singapore,官方,11 ms
195.85.23.11,443,0.0.0.0,SG,Singapore,官方,97 ms
185.162.230.103,443,0.0.0.0,SG,Singapore,官方,113 ms
185.162.230.8,443,0.0.0.0,SG,Singapore,官方,172 ms
195.85.88.215,443,0.0.0.0,SG,Singapore,官方,196 ms
185.162.230.114,443,0.0.0.0,SG,Singapore,官方,145 ms
185.162.228.167,443,0.0.0.0,SG,Singapore,官方,182 ms
185.162.229.121,443,0.0.0.0,SG,Singapore,官方,165 ms
195.85.88.41,443,0.0.0.0,SG,Singapore,官方,14 ms
185.162.228.232,443,0.0.0.0,SG,Singapore,官方,137 ms
185.162.228.174,443,0.0.0.0,SG,Singapore,官方,127 ms
195.85.23.88,443,0.0.0.0,SG,Singapore,官方,146 ms
195.85.59.32,443,0.0.0.0,SG,Singapore,官方,75 ms
185.162.230.203,443,0.0.0.0,SG,Singapore,官方,26 ms
195.85.88.104,443,0.0.0.0,SG,Singapore,官方,71 ms
195.85.59.131,443,0.0.0.0,SG,Singapore,官方,180 ms
185.162.231.195,443,0.0.0.0,SG,Singapore,官方,85 ms
195.85.59.12,443,0.0.0.0,SG,Singapore,官方,73 ms
185.162.231.21,443,0.0.0.0,SG,Singapore,官方,131 ms
185.162.230.245,443,0.0.0.0,SG,Singapore,官方,40 ms
195.85.23.49,443,0.0.0.0,SG,Singapore,官方,135 ms
195.85.23.183,443,0.0.0.0,SG,Singapore,官方,100 ms
195.85.23.189,443,0.0.0.0,SG,Singapore,官方,185 ms
185.162.230.186,443,0.0.0.0,SG,Singapore,官方,52 ms
185.162.229.81,443,0.0.0.0,SG,Singapore,官方,147 ms
185.162.228.112,443,0.0.0.0,SG,Singapore,官方,76 ms
185.162.228.34,443,0.0.0.0,SG,Singapore,官方,81 ms
185.162.231.85,443,0.0.0.0,SG,Singapore,官方,136 ms
195.85.88.22,443,0.0.0.0,SG,Singapore,官方,113 ms
185.162.229.14,443,0.0.0.0,SG,Singapore,官方,141 ms
195.85.59.214,443,0.0.0.0,SG,Singapore,官方,179 ms
195.85.23.182,443,0.0.0.0,SG,Singapore,官方,129 ms
185.162.228.196,443,0.0.0.0,SG,Singapore,官方,59 ms
185.162.231.213,443,0.0.0.0,SG,Singapore,官方,149 ms
185.162.231.32,443,0.0.0.0,SG,Singapore,官方,78 ms
185.162.231.96,443,0.0.0.0,SG,Singapore,官方,87 ms
185.162.228.50,443,0.0.0.0,SG,Singapore,官方,17 ms
195.85.23.90,443,0.0.0.0,SG,Singapore,官方,103 ms
195.85.59.228,443,0.0.0.0,SG,Singapore,官方,107 ms
185.162.231.146,443,0.0.0.0,SG,Singapore,官方,199 ms
185.162.230.173,443,0.0.0.0,SG,Singapore,官方,125 ms
185.162.231.56,443,0.0.0.0,SG,Singapore,官方,18 ms
195.85.88.227,443,0.0.0.0,SG,Singapore,官方,28 ms
185.162.230.161,443,0.0.0.0,SG,Singapore,官方,37 ms
185.162.230.178,443,0.0.0.0,SG,Singapore,官方,110 ms
185.162.229.28,443,0.0.0.0,SG,Singapore,官方,172 ms
195.85.23.133,443,0.0.0.0,SG,Singapore,官方,98 ms
185.162.231.232,443,0.0.0.0,SG,Singapore,官方,112 ms
195.85.23.245,443,0.0.0.0,SG,Singapore,官方,216 ms
185.162.230.42,443,0.0.0.0,SG,Singapore,官方,52 ms
195.85.88.164,443,0.0.0.0,SG,Singapore,官方,36 ms
185.162.228.181,443,0.0.0.0,SG,Singapore,官方,26 ms
195.85.88.132,443,0.0.0.0,SG,Singapore,官方,194 ms
185.162.230.18,443,0.0.0.0,SG,Singapore,官方,127 ms
185.162.229.146,443,0.0.0.0,SG,Singapore,官方,28 ms
185.162.229.203,443,0.0.0.0,SG,Singapore,官方,124 ms
195.85.88.105,443,0.0.0.0,SG,Singapore,官方,253 ms
185.162.230.141,443,0.0.0.0,SG,Singapore,官方,37 ms
195.85.88.61,443,0.0.0.0,SG,Singapore,官方,13 ms
185.162.230.45,443,0.0.0.0,SG,Singapore,官方,142 ms
195.85.23.218,443,0.0.0.0,SG,Singapore,官方,12 ms
185.162.229.216,443,0.0.0.0,SG,Singapore,官方,72 ms
185.162.230.108,443,0.0.0.0,SG,Singapore,官方,19 ms
195.85.88.31,443,0.0.0.0,SG,Singapore,官方,18 ms
195.85.59.179,443,0.0.0.0,SG,Singapore,官方,57 ms
195.85.88.29,443,0.0.0.0,SG,Singapore,官方,162 ms
195.85.23.40,443,0.0.0.0,SG,Singapore,官方,82 ms
195.85.23.75,443,0.0.0.0,SG,Singapore,官方,43 ms
195.85.23.5,443,0.0.0.0,SG,Singapore,官方,22 ms
195.85.23.35,443,0.0.0.0,SG,Singapore,官方,211 ms
185.162.230.49,443,0.0.0.0,SG,Singapore,官方,189 ms
195.85.88.56,443,0.0.0.0,SG,Singapore,官方,147 ms
195.85.88.73,443,0.0.0.0,SG,Singapore,官方,166 ms
185.162.229.238,443,0.0.0.0,SG,Singapore,官方,69 ms
185.162.230.16,443,0.0.0.0,SG,Singapore,官方,112 ms
195.85.59.116,443,0.0.0.0,SG,Singapore,官方,231 ms
185.162.230.89,443,0.0.0.0,SG,Singapore,官方,186 ms
185.162.231.247,443,0.0.0.0,SG,Singapore,官方,34 ms
185.162.230.82,443,0.0.0.0,SG,Singapore,官方,135 ms
185.162.230.10,443,0.0.0.0,SG,Singapore,官方,21 ms
195.85.59.13,443,0.0.0.0,SG,Singapore,官方,95 ms
185.162.231.231,443,0.0.0.0,SG,Singapore,官方,142 ms
195.85.23.151,443,0.0.0.0,SG,Singapore,官方,108 ms
195.85.23.69,443,0.0.0.0,SG,Singapore,官方,62 ms
195.85.23.18,443,0.0.0.0,SG,Singapore,官方,154 ms
185.162.228.220,443,0.0.0.0,SG,Singapore,官方,20 ms
195.85.23.163,443,0.0.0.0,SG,Singapore,官方,46 ms
185.162.231.210,443,0.0.0.0,SG,Singapore,官方,55 ms
195.85.88.13,443,0.0.0.0,SG,Singapore,官方,52 ms
195.85.59.202,443,0.0.0.0,SG,Singapore,官方,67 ms
185.162.231.126,443,0.0.0.0,SG,Singapore,官方,17 ms
195.85.88.162,443,0.0.0.0,SG,Singapore,官方,199 ms
185.162.230.184,443,0.0.0.0,SG,Singapore,官方,21 ms
185.162.229.16,443,0.0.0.0,SG,Singapore,官方,115 ms
185.162.230.41,443,0.0.0.0,SG,Singapore,官方,116 ms
185.162.231.237,443,0.0.0.0,SG,Singapore,官方,87 ms
185.162.229.95,443,0.0.0.0,SG,Singapore,官方,184 ms
195.85.88.38,443,0.0.0.0,SG,Singapore,官方,180 ms
195.85.88.93,443,0.0.0.0,SG,Singapore,官方,95 ms
185.162.229.164,443,0.0.0.0,SG,Singapore,官方,100 ms
195.85.59.254,443,0.0.0.0,SG,Singapore,官方,44 ms
185.162.229.108,443,0.0.0.0,SG,Singapore,官方,80 ms
185.162.230.239,443,0.0.0.0,SG,Singapore,官方,252 ms
195.85.59.176,443,0.0.0.0,SG,Singapore,官方,167 ms
185.162.230.165,443,0.0.0.0,SG,Singapore,官方,103 ms
185.162.231.60,443,0.0.0.0,SG,Singapore,官方,70 ms
185.162.231.177,443,0.0.0.0,SG,Singapore,官方,140 ms
195.85.59.47,443,0.0.0.0,SG,Singapore,官方,8 ms
185.162.229.66,443,0.0.0.0,SG,Singapore,官方,157 ms
195.85.59.226,443,0.0.0.0,SG,Singapore,官方,234 ms
195.85.23.169,443,0.0.0.0,SG,Singapore,官方,164 ms
195.85.23.15,443,0.0.0.0,SG,Singapore,官方,208 ms
195.85.88.124,443,0.0.0.0,SG,Singapore,官方,8 ms
195.85.88.195,443,0.0.0.0,SG,Singapore,官方,173 ms
195.85.59.175,443,0.0.0.0,SG,Singapore,官方,101 ms
185.162.229.245,443,0.0.0.0,SG,Singapore,官方,97 ms
185.162.231.43,443,0.0.0.0,SG,Singapore,官方,49 ms
185.162.228.191,443,0.0.0.0,SG,Singapore,官方,88 ms
185.162.228.90,443,0.0.0.0,SG,Singapore,官方,192 ms
195.85.23.74,443,0.0.0.0,SG,Singapore,官方,114 ms
195.85.23.199,443,0.0.0.0,SG,Singapore,官方,204 ms
185.162.228.96,443,0.0.0.0,SG,Singapore,官方,30 ms
185.162.231.98,443,0.0.0.0,SG,Singapore,官方,166 ms
195.85.88.27,443,0.0.0.0,SG,Singapore,官方,142 ms
195.85.59.248,443,0.0.0.0,SG,Singapore,官方,161 ms
185.162.228.155,443,0.0.0.0,SG,Singapore,官方,108 ms
185.162.230.26,443,0.0.0.0,SG,Singapore,官方,132 ms
195.85.59.86,443,0.0.0.0,SG,Singapore,官方,116 ms
185.162.230.164,443,0.0.0.0,SG,Singapore,官方,236 ms
185.162.230.140,443,0.0.0.0,SG,Singapore,官方,120 ms
195.85.59.22,443,0.0.0.0,SG,Singapore,官方,101 ms
185.162.229.244,443,0.0.0.0,SG,Singapore,官方,116 ms
185.162.230.81,443,0.0.0.0,SG,Singapore,官方,218 ms
195.85.23.244,443,0.0.0.0,SG,Singapore,官方,79 ms
195.85.88.240,443,0.0.0.0,SG,Singapore,官方,120 ms
195.85.88.155,443,0.0.0.0,SG,Singapore,官方,210 ms
195.85.59.125,443,0.0.0.0,SG,Singapore,官方,137 ms
195.85.23.254,443,0.0.0.0,SG,Singapore,官方,213 ms
195.85.23.204,443,0.0.0.0,SG,Singapore,官方,102 ms
195.85.59.181,443,0.0.0.0,SG,Singapore,官方,100 ms
195.85.88.150,443,0.0.0.0,SG,Singapore,官方,38 ms
185.162.228.8,443,0.0.0.0,SG,Singapore,官方,43 ms
195.85.23.154,443,0.0.0.0,SG,Singapore,官方,144 ms
185.162.228.251,443,0.0.0.0,SG,Singapore,官方,99 ms
195.85.88.37,443,0.0.0.0,SG,Singapore,官方,202 ms
185.162.229.200,443,0.0.0.0,SG,Singapore,官方,97 ms
195.85.59.210,443,0.0.0.0,SG,Singapore,官方,60 ms
185.162.228.223,443,0.0.0.0,SG,Singapore,官方,77 ms
185.162.229.252,443,0.0.0.0,SG,Singapore,官方,11 ms
185.162.229.248,443,0.0.0.0,SG,Singapore,官方,87 ms
185.162.229.225,443,0.0.0.0,SG,Singapore,官方,78 ms
185.162.229.53,443,0.0.0.0,SG,Singapore,官方,106 ms
195.85.59.75,443,0.0.0.0,SG,Singapore,官方,125 ms
185.162.231.200,443,0.0.0.0,SG,Singapore,官方,202 ms
185.162.229.171,443,0.0.0.0,SG,Singapore,官方,130 ms
185.162.230.69,443,0.0.0.0,SG,Singapore,官方,159 ms
195.85.23.211,443,0.0.0.0,SG,Singapore,官方,43 ms
185.162.230.228,443,0.0.0.0,SG,Singapore,官方,206 ms
195.85.23.68,443,0.0.0.0,SG,Singapore,官方,183 ms
195.85.23.123,443,0.0.0.0,SG,Singapore,官方,123 ms
185.162.230.149,443,0.0.0.0,SG,Singapore,官方,37 ms
195.85.88.121,443,0.0.0.0,SG,Singapore,官方,85 ms
195.85.88.220,443,0.0.0.0,SG,Singapore,官方,102 ms
185.162.228.3,443,0.0.0.0,SG,Singapore,官方,116 ms
195.85.59.10,443,0.0.0.0,SG,Singapore,官方,17 ms
195.85.59.103,443,0.0.0.0,SG,Singapore,官方,179 ms
195.85.59.8,443,0.0.0.0,SG,Singapore,官方,191 ms
195.85.88.229,443,0.0.0.0,SG,Singapore,官方,123 ms
185.162.229.199,443,0.0.0.0,SG,Singapore,官方,86 ms
185.162.230.253,443,0.0.0.0,SG,Singapore,官方,100 ms
195.85.23.196,443,0.0.0.0,SG,Singapore,官方,77 ms
195.85.59.14,443,0.0.0.0,SG,Singapore,官方,116 ms
195.85.23.236,443,0.0.0.0,SG,Singapore,官方,11 ms
185.162.230.234,443,0.0.0.0,SG,Singapore,官方,129 ms
185.162.230.111,443,0.0.0.0,SG,Singapore,官方,105 ms
195.85.23.176,443,0.0.0.0,SG,Singapore,官方,5 ms
195.85.59.64,443,0.0.0.0,SG,Singapore,官方,35 ms
185.162.229.255,443,0.0.0.0,SG,Singapore,官方,78 ms
185.162.228.84,443,0.0.0.0,SG,Singapore,官方,118 ms
185.162.230.212,443,0.0.0.0,SG,Singapore,官方,7 ms
185.162.231.199,443,0.0.0.0,SG,Singapore,官方,217 ms
195.85.88.2,443,0.0.0.0,SG,Singapore,官方,73 ms
185.162.231.251,443,0.0.0.0,SG,Singapore,官方,145 ms
195.85.59.183,443,0.0.0.0,SG,Singapore,官方,151 ms
195.85.88.146,443,0.0.0.0,SG,Singapore,官方,212 ms
185.162.229.97,443,0.0.0.0,SG,Singapore,官方,174 ms
185.162.230.208,443,0.0.0.0,SG,Singapore,官方,19 ms
185.162.231.227,443,0.0.0.0,SG,Singapore,官方,78 ms
185.162.230.171,443,0.0.0.0,SG,Singapore,官方,216 ms
185.162.229.45,443,0.0.0.0,SG,Singapore,官方,9 ms
195.85.88.171,443,0.0.0.0,SG,Singapore,官方,52 ms
195.85.88.95,443,0.0.0.0,SG,Singapore,官方,113 ms
195.85.88.190,443,0.0.0.0,SG,Singapore,官方,104 ms
195.85.23.25,443,0.0.0.0,SG,Singapore,官方,78 ms
195.85.59.27,443,0.0.0.0,SG,Singapore,官方,128 ms
185.162.229.217,443,0.0.0.0,SG,Singapore,官方,1 ms
195.85.23.73,443,0.0.0.0,SG,Singapore,官方,143 ms
185.162.228.2,443,0.0.0.0,SG,Singapore,官方,190 ms
185.162.231.35,443,0.0.0.0,SG,Singapore,官方,214 ms
185.162.230.96,443,0.0.0.0,SG,Singapore,官方,181 ms
185.162.230.188,443,0.0.0.0,SG,Singapore,官方,110 ms
185.162.230.3,443,0.0.0.0,SG,Singapore,官方,108 ms
195.85.88.147,443,0.0.0.0,SG,Singapore,官方,24 ms
185.162.230.24,443,0.0.0.0,SG,Singapore,官方,254 ms
195.85.59.114,443,0.0.0.0,SG,Singapore,官方,75 ms
195.85.59.182,443,0.0.0.0,SG,Singapore,官方,234 ms
195.85.23.104,443,0.0.0.0,SG,Singapore,官方,82 ms
195.85.59.4,443,0.0.0.0,SG,Singapore,官方,247 ms
195.85.23.85,443,0.0.0.0,SG,Singapore,官方,132 ms
185.162.231.164,443,0.0.0.0,SG,Singapore,官方,186 ms
195.85.23.101,443,0.0.0.0,SG,Singapore,官方,144 ms
195.85.23.198,443,0.0.0.0,SG,Singapore,官方,73 ms
185.162.228.186,443,0.0.0.0,SG,Singapore,官方,55 ms
195.85.59.253,443,0.0.0.0,SG,Singapore,官方,181 ms
185.162.228.76,443,0.0.0.0,SG,Singapore,官方,114 ms
195.85.59.172,443,0.0.0.0,SG,Singapore,官方,57 ms
195.85.23.20,443,0.0.0.0,SG,Singapore,官方,75 ms
195.85.88.36,443,0.0.0.0,SG,Singapore,官方,128 ms
185.162.229.137,443,0.0.0.0,SG,Singapore,官方,5 ms
195.85.59.167,443,0.0.0.0,SG,Singapore,官方,48 ms
185.162.229.119,443,0.0.0.0,SG,Singapore,官方,145 ms
185.162.228.239,443,0.0.0.0,SG,Singapore,官方,63 ms
195.85.88.188,443,0.0.0.0,SG,Singapore,官方,121 ms
195.85.88.191,443,0.0.0.0,SG,Singapore,官方,177 ms
195.85.88.196,443,0.0.0.0,SG,Singapore,官方,113 ms
185.162.228.210,443,0.0.0.0,SG,Singapore,官方,78 ms
185.162.231.147,443,0.0.0.0,SG,Singapore,官方,108 ms
185.162.230.137,443,0.0.0.0,SG,Singapore,官方,56 ms
195.85.88.126,443,0.0.0.0,SG,Singapore,官方,186 ms
185.162.230.214,443,0.0.0.0,SG,Singapore,官方,27 ms
185.162.230.52,443,0.0.0.0,SG,Singapore,官方,144 ms
185.162.230.170,443,0.0.0.0,SG,Singapore,官方,9 ms
185.162.231.167,443,0.0.0.0,SG,Singapore,官方,82 ms
195.85.59.135,443,0.0.0.0,SG,Singapore,官方,42 ms
195.85.88.198,443,0.0.0.0,SG,Singapore,官方,101 ms
185.162.231.83,443,0.0.0.0,SG,Singapore,官方,107 ms
185.162.228.33,443,0.0.0.0,SG,Singapore,官方,216 ms
195.85.88.192,443,0.0.0.0,SG,Singapore,官方,100 ms
195.85.23.89,443,0.0.0.0,SG,Singapore,官方,240 ms
195.85.59.223,443,0.0.0.0,SG,Singapore,官方,18 ms
195.85.88.4,443,0.0.0.0,SG,Singapore,官方,1 ms
195.85.88.184,443,0.0.0.0,SG,Singapore,官方,41 ms
185.162.229.50,443,0.0.0.0,SG,Singapore,官方,103 ms
195.85.59.136,443,0.0.0.0,SG,Singapore,官方,39 ms
185.162.230.80,443,0.0.0.0,SG,Singapore,官方,164 ms
185.162.229.135,443,0.0.0.0,SG,Singapore,官方,14 ms
185.162.229.69,443,0.0.0.0,SG,Singapore,官方,53 ms
185.162.230.154,443,0.0.0.0,SG,Singapore,官方,67 ms
185.162.230.136,443,0.0.0.0,SG,Singapore,官方,145 ms
195.85.88.122,443,0.0.0.0,SG,Singapore,官方,127 ms
185.162.230.17,443,0.0.0.0,SG,Singapore,官方,19 ms
185.162.228.164,443,0.0.0.0,SG,Singapore,官方,3 ms
195.85.23.135,443,0.0.0.0,SG,Singapore,官方,83 ms
195.85.23.219,443,0.0.0.0,SG,Singapore,官方,59 ms
185.162.229.44,443,0.0.0.0,SG,Singapore,官方,73 ms
185.162.229.71,443,0.0.0.0,SG,Singapore,官方,4 ms
185.162.231.134,443,0.0.0.0,SG,Singapore,官方,39 ms
185.162.228.89,443,0.0.0.0,SG,Singapore,官方,102 ms
195.85.23.55,443,0.0.0.0,SG,Singapore,官方,49 ms
185.162.230.38,443,0.0.0.0,SG,Singapore,官方,189 ms
195.85.88.85,443,0.0.0.0,SG,Singapore,官方,65 ms
195.85.23.87,443,0.0.0.0,SG,Singapore,官方,172 ms
185.162.228.45,443,0.0.0.0,SG,Singapore,官方,77 ms
195.85.59.43,443,0.0.0.0,SG,Singapore,官方,212 ms
195.85.23.36,443,0.0.0.0,SG,Singapore,官方,46 ms
185.162.229.132,443,0.0.0.0,SG,Singapore,官方,174 ms
195.85.59.205,443,0.0.0.0,SG,Singapore,官方,133 ms
195.85.59.9,443,0.0.0.0,SG,Singapore,官方,14 ms
185.162.230.127,443,0.0.0.0,SG,Singapore,官方,108 ms
195.85.59.25,443,0.0.0.0,SG,Singapore,官方,121 ms
195.85.59.20,443,0.0.0.0,SG,Singapore,官方,110 ms
185.162.230.145,443,0.0.0.0,SG,Singapore,官方,138 ms
185.162.228.234,443,0.0.0.0,SG,Singapore,官方,3 ms
185.162.231.209,443,0.0.0.0,SG,Singapore,官方,54 ms
185.162.230.242,443,0.0.0.0,SG,Singapore,官方,135 ms
185.162.230.232,443,0.0.0.0,SG,Singapore,官方,120 ms
195.85.59.133,443,0.0.0.0,SG,Singapore,官方,129 ms
195.85.23.195,443,0.0.0.0,SG,Singapore,官方,23 ms
185.162.231.92,443,0.0.0.0,SG,Singapore,官方,15 ms
185.162.229.70,443,0.0.0.0,SG,Singapore,官方,70 ms
195.85.23.122,443,0.0.0.0,SG,Singapore,官方,13 ms
185.162.231.112,443,0.0.0.0,SG,Singapore,官方,117 ms
195.85.23.56,443,0.0.0.0,SG,Singapore,官方,114 ms
195.85.23.58,443,0.0.0.0,SG,Singapore,官方,32 ms
185.162.230.63,443,0.0.0.0,SG,Singapore,官方,15 ms
195.85.23.46,443,0.0.0.0,SG,Singapore,官方,40 ms
195.85.59.118,443,0.0.0.0,SG,Singapore,官方,68 ms
195.85.88.64,443,0.0.0.0,SG,Singapore,官方,133 ms
195.85.88.250,443,0.0.0.0,SG,Singapore,官方,121 ms
185.162.228.162,443,0.0.0.0,SG,Singapore,官方,47 ms
195.85.23.136,443,0.0.0.0,SG,Singapore,官方,125 ms
195.85.88.89,443,0.0.0.0,SG,Singapore,官方,168 ms
195.85.23.42,443,0.0.0.0,SG,Singapore,官方,113 ms
185.162.231.53,443,0.0.0.0,SG,Singapore,官方,136 ms
185.162.228.241,443,0.0.0.0,SG,Singapore,官方,90 ms
185.162.230.35,443,0.0.0.0,SG,Singapore,官方,125 ms
185.162.229.249,443,0.0.0.0,SG,Singapore,官方,63 ms
185.162.228.57,443,0.0.0.0,SG,Singapore,官方,83 ms
195.85.59.28,443,0.0.0.0,SG,Singapore,官方,116 ms
195.85.23.19,443,0.0.0.0,SG,Singapore,官方,18 ms
195.85.23.95,443,0.0.0.0,SG,Singapore,官方,182 ms
185.162.229.136,443,0.0.0.0,SG,Singapore,官方,28 ms
195.85.23.43,443,0.0.0.0,SG,Singapore,官方,163 ms
195.85.88.84,443,0.0.0.0,SG,Singapore,官方,146 ms
185.162.231.236,443,0.0.0.0,SG,Singapore,官方,201 ms
185.162.231.145,443,0.0.0.0,SG,Singapore,官方,81 ms
195.85.59.187,443,0.0.0.0,SG,Singapore,官方,169 ms
185.162.228.58,443,0.0.0.0,SG,Singapore,官方,145 ms
195.85.88.208,443,0.0.0.0,SG,Singapore,官方,126 ms
195.85.23.30,443,0.0.0.0,SG,Singapore,官方,124 ms
195.85.88.237,443,0.0.0.0,SG,Singapore,官方,64 ms
185.162.229.154,443,0.0.0.0,SG,Singapore,官方,199 ms
195.85.23.41,443,0.0.0.0,SG,Singapore,官方,150 ms
185.162.228.101,443,0.0.0.0,SG,Singapore,官方,215 ms
185.162.229.113,443,0.0.0.0,SG,Singapore,官方,177 ms
185.162.229.93,443,0.0.0.0,SG,Singapore,官方,13 ms
195.85.59.0,443,0.0.0.0,SG,Singapore,官方,117 ms
195.85.23.170,443,0.0.0.0,SG,Singapore,官方,179 ms
195.85.88.92,443,0.0.0.0,SG,Singapore,官方,181 ms
185.162.230.229,443,0.0.0.0,SG,Singapore,官方,107 ms
185.162.230.249,443,0.0.0.0,SG,Singapore,官方,120 ms
195.85.23.94,443,0.0.0.0,SG,Singapore,官方,163 ms
185.162.228.52,443,0.0.0.0,SG,Singapore,官方,116 ms
195.85.23.216,443,0.0.0.0,SG,Singapore,官方,118 ms
185.162.231.105,443,0.0.0.0,SG,Singapore,官方,35 ms
185.162.229.161,443,0.0.0.0,SG,Singapore,官方,9 ms
185.162.228.138,443,0.0.0.0,SG,Singapore,官方,32 ms
185.162.229.211,443,0.0.0.0,SG,Singapore,官方,82 ms
185.162.231.54,443,0.0.0.0,SG,Singapore,官方,77 ms
185.162.229.67,443,0.0.0.0,SG,Singapore,官方,80 ms
185.162.229.4,443,0.0.0.0,SG,Singapore,官方,45 ms
185.162.228.253,443,0.0.0.0,SG,Singapore,官方,32 ms
195.85.88.236,443,0.0.0.0,SG,Singapore,官方,158 ms
185.162.229.10,443,0.0.0.0,SG,Singapore,官方,67 ms
185.162.229.218,443,0.0.0.0,SG,Singapore,官方,47 ms
195.85.88.45,443,0.0.0.0,SG,Singapore,官方,195 ms
195.85.59.70,443,0.0.0.0,SG,Singapore,官方,90 ms
195.85.59.18,443,0.0.0.0,SG,Singapore,官方,152 ms
195.85.23.156,443,0.0.0.0,SG,Singapore,官方,135 ms
185.162.229.158,443,0.0.0.0,SG,Singapore,官方,77 ms
185.162.231.88,443,0.0.0.0,SG,Singapore,官方,31 ms
185.162.231.61,443,0.0.0.0,SG,Singapore,官方,232 ms
185.162.230.181,443,0.0.0.0,SG,Singapore,官方,92 ms
195.85.23.98,443,0.0.0.0,SG,Singapore,官方,55 ms
195.85.88.161,443,0.0.0.0,SG,Singapore,官方,189 ms
185.162.230.246,443,0.0.0.0,SG,Singapore,官方,10 ms
195.85.23.115,443,0.0.0.0,SG,Singapore,官方,98 ms
195.85.88.232,443,0.0.0.0,SG,Singapore,官方,52 ms
195.85.23.174,443,0.0.0.0,SG,Singapore,官方,15 ms
185.162.229.169,443,0.0.0.0,SG,Singapore,官方,79 ms
195.85.23.177,443,0.0.0.0,SG,Singapore,官方,51 ms
185.162.229.176,443,0.0.0.0,SG,Singapore,官方,90 ms
195.85.88.108,443,0.0.0.0,SG,Singapore,官方,123 ms
185.162.230.31,443,0.0.0.0,SG,Singapore,官方,242 ms
185.162.229.126,443,0.0.0.0,SG,Singapore,官方,28 ms
185.162.231.48,443,0.0.0.0,SG,Singapore,官方,246 ms
185.162.231.185,443,0.0.0.0,SG,Singapore,官方,109 ms
195.85.59.38,443,0.0.0.0,SG,Singapore,官方,213 ms
185.162.229.170,443,0.0.0.0,SG,Singapore,官方,252 ms
185.162.230.244,443,0.0.0.0,SG,Singapore,官方,127 ms
185.162.230.102,443,0.0.0.0,SG,Singapore,官方,50 ms
195.85.59.225,443,0.0.0.0,SG,Singapore,官方,27 ms
185.162.229.142,443,0.0.0.0,SG,Singapore,官方,137 ms
195.85.88.130,443,0.0.0.0,SG,Singapore,官方,113 ms
185.162.228.228,443,0.0.0.0,SG,Singapore,官方,97 ms
185.162.231.74,443,0.0.0.0,SG,Singapore,官方,19 ms
185.162.229.13,443,0.0.0.0,SG,Singapore,官方,93 ms
185.162.228.227,443,0.0.0.0,SG,Singapore,官方,53 ms
195.85.59.122,443,0.0.0.0,SG,Singapore,官方,171 ms
185.162.231.111,443,0.0.0.0,SG,Singapore,官方,128 ms
195.85.59.45,443,0.0.0.0,SG,Singapore,官方,101 ms
195.85.88.178,443,0.0.0.0,SG,Singapore,官方,52 ms
185.162.230.235,443,0.0.0.0,SG,Singapore,官方,31 ms
185.162.228.83,443,0.0.0.0,SG,Singapore,官方,28 ms
185.162.228.97,443,0.0.0.0,SG,Singapore,官方,123 ms
195.85.59.148,443,0.0.0.0,SG,Singapore,官方,37 ms
195.85.23.34,443,0.0.0.0,SG,Singapore,官方,236 ms
195.85.88.50,443,0.0.0.0,SG,Singapore,官方,26 ms
185.162.229.212,443,0.0.0.0,SG,Singapore,官方,175 ms
195.85.23.178,443,0.0.0.0,SG,Singapore,官方,109 ms
185.162.231.14,443,0.0.0.0,SG,Singapore,官方,180 ms
195.85.88.71,443,0.0.0.0,SG,Singapore,官方,82 ms
185.162.228.250,443,0.0.0.0,SG,Singapore,官方,129 ms
185.162.228.130,443,0.0.0.0,SG,Singapore,官方,99 ms
195.85.59.152,443,0.0.0.0,SG,Singapore,官方,182 ms
195.85.59.246,443,0.0.0.0,SG,Singapore,官方,207 ms
195.85.59.80,443,0.0.0.0,SG,Singapore,官方,81 ms
185.162.230.85,443,0.0.0.0,SG,Singapore,官方,120 ms
185.162.231.193,443,0.0.0.0,SG,Singapore,官方,111 ms
195.85.88.103,443,0.0.0.0,SG,Singapore,官方,80 ms
195.85.88.157,443,0.0.0.0,SG,Singapore,官方,104 ms
195.85.23.112,443,0.0.0.0,SG,Singapore,官方,63 ms
185.162.229.145,443,0.0.0.0,SG,Singapore,官方,161 ms
185.162.231.157,443,0.0.0.0,SG,Singapore,官方,144 ms
185.162.230.97,443,0.0.0.0,SG,Singapore,官方,52 ms
195.85.59.237,443,0.0.0.0,SG,Singapore,官方,161 ms
195.85.59.199,443,0.0.0.0,SG,Singapore,官方,118 ms
185.162.229.193,443,0.0.0.0,SG,Singapore,官方,190 ms
185.162.231.84,443,0.0.0.0,SG,Singapore,官方,53 ms
185.162.231.79,443,0.0.0.0,SG,Singapore,官方,216 ms
195.85.23.201,443,0.0.0.0,SG,Singapore,官方,110 ms
195.85.88.154,443,0.0.0.0,SG,Singapore,官方,121 ms
185.162.229.87,443,0.0.0.0,SG,Singapore,官方,19 ms
195.85.59.113,443,0.0.0.0,SG,Singapore,官方,90 ms
185.162.229.19,443,0.0.0.0,SG,Singapore,官方,37 ms
195.85.23.143,443,0.0.0.0,SG,Singapore,官方,114 ms
185.162.229.2,443,0.0.0.0,SG,Singapore,官方,27 ms
195.85.59.74,443,0.0.0.0,SG,Singapore,官方,73 ms
185.162.231.80,443,0.0.0.0,SG,Singapore,官方,232 ms
195.85.88.166,443,0.0.0.0,SG,Singapore,官方,22 ms
195.85.59.5,443,0.0.0.0,SG,Singapore,官方,191 ms
185.162.228.28,443,0.0.0.0,SG,Singapore,官方,130 ms
195.85.59.59,443,0.0.0.0,SG,Singapore,官方,62 ms
185.162.228.222,443,0.0.0.0,SG,Singapore,官方,61 ms
195.85.88.218,443,0.0.0.0,SG,Singapore,官方,4 ms
195.85.59.192,443,0.0.0.0,SG,Singapore,官方,104 ms
185.162.229.110,443,0.0.0.0,SG,Singapore,官方,114 ms
185.162.231.82,443,0.0.0.0,SG,Singapore,官方,86 ms
185.162.228.104,443,0.0.0.0,SG,Singapore,官方,100 ms
195.85.59.76,443,0.0.0.0,SG,Singapore,官方,108 ms
185.162.229.30,443,0.0.0.0,SG,Singapore,官方,63 ms
185.162.228.23,443,0.0.0.0,SG,Singapore,官方,157 ms
195.85.59.77,443,0.0.0.0,SG,Singapore,官方,7 ms
185.162.228.207,443,0.0.0.0,SG,Singapore,官方,138 ms
185.162.230.88,443,0.0.0.0,SG,Singapore,官方,2 ms
195.85.23.241,443,0.0.0.0,SG,Singapore,官方,177 ms
185.162.230.12,443,0.0.0.0,SG,Singapore,官方,174 ms
195.85.88.55,443,0.0.0.0,SG,Singapore,官方,48 ms
195.85.23.62,443,0.0.0.0,SG,Singapore,官方,147 ms
185.162.228.94,443,0.0.0.0,SG,Singapore,官方,186 ms
185.162.231.222,443,0.0.0.0,SG,Singapore,官方,37 ms
195.85.88.18,443,0.0.0.0,SG,Singapore,官方,141 ms
195.85.88.149,443,0.0.0.0,SG,Singapore,官方,94 ms
185.162.231.44,443,0.0.0.0,SG,Singapore,官方,71 ms
185.162.231.72,443,0.0.0.0,SG,Singapore,官方,30 ms
185.162.229.198,443,0.0.0.0,SG,Singapore,官方,182 ms
195.85.59.170,443,0.0.0.0,SG,Singapore,官方,199 ms
195.85.23.215,443,0.0.0.0,SG,Singapore,官方,245 ms
195.85.23.66,443,0.0.0.0,SG,Singapore,官方,222 ms
185.162.231.31,443,0.0.0.0,SG,Singapore,官方,144 ms
195.85.23.145,443,0.0.0.0,SG,Singapore,官方,20 ms
195.85.59.195,443,0.0.0.0,SG,Singapore,官方,55 ms
185.162.229.24,443,0.0.0.0,SG,Singapore,官方,105 ms
195.85.23.179,443,0.0.0.0,SG,Singapore,官方,46 ms
195.85.59.245,443,0.0.0.0,SG,Singapore,官方,28 ms
185.162.230.79,443,0.0.0.0,SG,Singapore,官方,104 ms
185.162.231.95,443,0.0.0.0,SG,Singapore,官方,88 ms
185.162.230.185,443,0.0.0.0,SG,Singapore,官方,97 ms
195.85.23.190,443,0.0.0.0,SG,Singapore,官方,132 ms
195.85.23.114,443,0.0.0.0,SG,Singapore,官方,9 ms
185.162.231.17,443,0.0.0.0,SG,Singapore,官方,100 ms
195.85.59.69,443,0.0.0.0,SG,Singapore,官方,51 ms
185.162.228.245,443,0.0.0.0,SG,Singapore,官方,43 ms
185.162.229.57,443,0.0.0.0,SG,Singapore,官方,135 ms
185.162.230.60,443,0.0.0.0,SG,Singapore,官方,209 ms
185.162.230.9,443,0.0.0.0,SG,Singapore,官方,32 ms
195.85.23.17,443,0.0.0.0,SG,Singapore,官方,104 ms
185.162.231.243,443,0.0.0.0,SG,Singapore,官方,181 ms
195.85.88.211,443,0.0.0.0,SG,Singapore,官方,112 ms
185.162.231.94,443,0.0.0.0,SG,Singapore,官方,241 ms
185.162.231.119,443,0.0.0.0,SG,Singapore,官方,122 ms
185.162.231.155,443,0.0.0.0,SG,Singapore,官方,80 ms
195.85.88.70,443,0.0.0.0,SG,Singapore,官方,84 ms
185.162.229.213,443,0.0.0.0,SG,Singapore,官方,48 ms
185.162.229.188,443,0.0.0.0,SG,Singapore,官方,94 ms
185.162.231.203,443,0.0.0.0,SG,Singapore,官方,161 ms
185.162.228.43,443,0.0.0.0,SG,Singapore,官方,20 ms
185.162.230.201,443,0.0.0.0,SG,Singapore,官方,201 ms
185.162.229.58,443,0.0.0.0,SG,Singapore,官方,163 ms
195.85.88.197,443,0.0.0.0,SG,Singapore,官方,9 ms
185.162.229.219,443,0.0.0.0,SG,Singapore,官方,204 ms
195.85.59.92,443,0.0.0.0,SG,Singapore,官方,111 ms
185.162.229.207,443,0.0.0.0,SG,Singapore,官方,45 ms
185.162.230.191,443,0.0.0.0,SG,Singapore,官方,82 ms
195.85.59.155,443,0.0.0.0,SG,Singapore,官方,79 ms
195.85.59.154,443,0.0.0.0,SG,Singapore,官方,59 ms
185.162.231.10,443,0.0.0.0,SG,Singapore,官方,47 ms
195.85.23.81,443,0.0.0.0,SG,Singapore,官方,97 ms
185.162.228.160,443,0.0.0.0,SG,Singapore,官方,12 ms
195.85.23.184,443,0.0.0.0,SG,Singapore,官方,26 ms
195.85.59.120,443,0.0.0.0,SG,Singapore,官方,150 ms
195.85.59.190,443,0.0.0.0,SG,Singapore,官方,157 ms
195.85.23.14,443,0.0.0.0,SG,Singapore,官方,145 ms
195.85.59.160,443,0.0.0.0,SG,Singapore,官方,141 ms
195.85.23.194,443,0.0.0.0,SG,Singapore,官方,78 ms
185.162.230.223,443,0.0.0.0,SG,Singapore,官方,73 ms
195.85.23.113,443,0.0.0.0,SG,Singapore,官方,128 ms
185.162.228.85,443,0.0.0.0,SG,Singapore,官方,10 ms
195.85.59.224,443,0.0.0.0,SG,Singapore,官方,141 ms
185.162.231.170,443,0.0.0.0,SG,Singapore,官方,130 ms
185.162.230.123,443,0.0.0.0,SG,Singapore,官方,76 ms
185.162.231.130,443,0.0.0.0,SG,Singapore,官方,74 ms
185.162.230.21,443,0.0.0.0,SG,Singapore,官方,194 ms
195.85.59.140,443,0.0.0.0,SG,Singapore,官方,76 ms
185.162.229.15,443,0.0.0.0,SG,Singapore,官方,118 ms
185.162.230.124,443,0.0.0.0,SG,Singapore,官方,62 ms
185.162.229.39,443,0.0.0.0,SG,Singapore,官方,93 ms
185.162.231.174,443,0.0.0.0,SG,Singapore,官方,141 ms
195.85.59.87,443,0.0.0.0,SG,Singapore,官方,78 ms
185.162.231.249,443,0.0.0.0,SG,Singapore,官方,16 ms
185.162.231.7,443,0.0.0.0,SG,Singapore,官方,202 ms
185.162.230.77,443,0.0.0.0,SG,Singapore,官方,140 ms
195.85.59.124,443,0.0.0.0,SG,Singapore,官方,50 ms
185.162.231.36,443,0.0.0.0,SG,Singapore,官方,156 ms
185.162.230.113,443,0.0.0.0,SG,Singapore,官方,72 ms
185.162.229.173,443,0.0.0.0,SG,Singapore,官方,167 ms
195.85.59.139,443,0.0.0.0,SG,Singapore,官方,72 ms
185.162.230.71,443,0.0.0.0,SG,Singapore,官方,58 ms
185.162.228.139,443,0.0.0.0,SG,Singapore,官方,28 ms
185.162.228.224,443,0.0.0.0,SG,Singapore,官方,117 ms
185.162.231.216,443,0.0.0.0,SG,Singapore,官方,189 ms
185.162.229.197,443,0.0.0.0,SG,Singapore,官方,120 ms
185.162.230.135,443,0.0.0.0,SG,Singapore,官方,94 ms
185.162.228.74,443,0.0.0.0,SG,Singapore,官方,157 ms
185.162.228.69,443,0.0.0.0,SG,Singapore,官方,52 ms
185.162.228.119,443,0.0.0.0,SG,Singapore,官方,108 ms
195.85.59.66,443,0.0.0.0,SG,Singapore,官方,127 ms
195.85.59.186,443,0.0.0.0,SG,Singapore,官方,114 ms
195.85.23.175,443,0.0.0.0,SG,Singapore,官方,193 ms
185.162.230.146,443,0.0.0.0,SG,Singapore,官方,8 ms
185.162.231.253,443,0.0.0.0,SG,Singapore,官方,123 ms
185.162.231.158,443,0.0.0.0,SG,Singapore,官方,53 ms
195.85.23.29,443,0.0.0.0,SG,Singapore,官方,95 ms
195.85.59.232,443,0.0.0.0,SG,Singapore,官方,127 ms
185.162.229.64,443,0.0.0.0,SG,Singapore,官方,162 ms
195.85.23.139,443,0.0.0.0,SG,Singapore,官方,63 ms
195.85.88.123,443,0.0.0.0,SG,Singapore,官方,92 ms
185.162.228.62,443,0.0.0.0,SG,Singapore,官方,165 ms
185.162.229.160,443,0.0.0.0,SG,Singapore,官方,194 ms
195.85.88.33,443,0.0.0.0,SG,Singapore,官方,90 ms
185.162.230.132,443,0.0.0.0,SG,Singapore,官方,177 ms
185.162.231.184,443,0.0.0.0,SG,Singapore,官方,25 ms
195.85.88.94,443,0.0.0.0,SG,Singapore,官方,32 ms
195.85.88.207,443,0.0.0.0,SG,Singapore,官方,105 ms
185.162.229.106,443,0.0.0.0,SG,Singapore,官方,137 ms
185.162.231.180,443,0.0.0.0,SG,Singapore,官方,160 ms
195.85.23.38,443,0.0.0.0,SG,Singapore,官方,69 ms
185.162.231.73,443,0.0.0.0,SG,Singapore,官方,21 ms
185.162.228.151,443,0.0.0.0,SG,Singapore,官方,37 ms
185.162.231.57,443,0.0.0.0,SG,Singapore,官方,220 ms
185.162.228.65,443,0.0.0.0,SG,Singapore,官方,130 ms
195.85.59.49,443,0.0.0.0,SG,Singapore,官方,56 ms
185.162.231.51,443,0.0.0.0,SG,Singapore,官方,120 ms
195.85.23.205,443,0.0.0.0,SG,Singapore,官方,100 ms
185.162.228.115,443,0.0.0.0,SG,Singapore,官方,71 ms
195.85.59.243,443,0.0.0.0,SG,Singapore,官方,26 ms
185.162.229.163,443,0.0.0.0,SG,Singapore,官方,247 ms
185.162.231.217,443,0.0.0.0,SG,Singapore,官方,49 ms
195.85.59.189,443,0.0.0.0,SG,Singapore,官方,30 ms
185.162.228.100,443,0.0.0.0,SG,Singapore,官方,30 ms
185.162.231.246,443,0.0.0.0,SG,Singapore,官方,178 ms
195.85.88.15,443,0.0.0.0,SG,Singapore,官方,204 ms
185.162.231.181,443,0.0.0.0,SG,Singapore,官方,17 ms
195.85.59.184,443,0.0.0.0,SG,Singapore,官方,72 ms
185.162.229.187,443,0.0.0.0,SG,Singapore,官方,142 ms
195.85.88.8,443,0.0.0.0,SG,Singapore,官方,113 ms
195.85.59.194,443,0.0.0.0,SG,Singapore,官方,139 ms
195.85.59.153,443,0.0.0.0,SG,Singapore,官方,23 ms
185.162.229.83,443,0.0.0.0,SG,Singapore,官方,11 ms
185.162.228.13,443,0.0.0.0,SG,Singapore,官方,50 ms
195.85.23.91,443,0.0.0.0,SG,Singapore,官方,172 ms
185.162.228.82,443,0.0.0.0,SG,Singapore,官方,91 ms
195.85.59.171,443,0.0.0.0,SG,Singapore,官方,12 ms
195.85.23.159,443,0.0.0.0,SG,Singapore,官方,143 ms
185.162.228.14,443,0.0.0.0,SG,Singapore,官方,138 ms
185.162.228.78,443,0.0.0.0,SG,Singapore,官方,104 ms
185.162.228.226,443,0.0.0.0,SG,Singapore,官方,198 ms
195.85.59.95,443,0.0.0.0,SG,Singapore,官方,148 ms
185.162.231.4,443,0.0.0.0,SG,Singapore,官方,101 ms
195.85.23.233,443,0.0.0.0,SG,Singapore,官方,244 ms
195.85.88.180,443,0.0.0.0,SG,Singapore,官方,175 ms
185.162.231.163,443,0.0.0.0,SG,Singapore,官方,29 ms
195.85.59.60,443,0.0.0.0,SG,Singapore,官方,126 ms
195.85.88.60,443,0.0.0.0,SG,Singapore,官方,97 ms
195.85.88.21,443,0.0.0.0,SG,Singapore,官方,186 ms
185.162.228.131,443,0.0.0.0,SG,Singapore,官方,113 ms
195.85.23.138,443,0.0.0.0,SG,Singapore,官方,100 ms
185.162.230.247,443,0.0.0.0,SG,Singapore,官方,109 ms
195.85.23.52,443,0.0.0.0,SG,Singapore,官方,31 ms
185.162.231.64,443,0.0.0.0,SG,Singapore,官方,13 ms
185.162.231.103,443,0.0.0.0,SG,Singapore,官方,177 ms
185.162.231.131,443,0.0.0.0,SG,Singapore,官方,130 ms
185.162.228.183,443,0.0.0.0,SG,Singapore,官方,112 ms
185.162.229.166,443,0.0.0.0,SG,Singapore,官方,132 ms
185.162.230.56,443,0.0.0.0,SG,Singapore,官方,113 ms
185.162.230.213,443,0.0.0.0,SG,Singapore,官方,89 ms
185.162.228.243,443,0.0.0.0,SG,Singapore,官方,75 ms
185.162.230.236,443,0.0.0.0,SG,Singapore,官方,220 ms
195.85.23.111,443,0.0.0.0,SG,Singapore,官方,153 ms
195.85.88.254,443,0.0.0.0,SG,Singapore,官方,150 ms
185.162.230.34,443,0.0.0.0,SG,Singapore,官方,154 ms
195.85.88.112,443,0.0.0.0,SG,Singapore,官方,55 ms
195.85.59.158,443,0.0.0.0,SG,Singapore,官方,121 ms
185.162.231.191,443,0.0.0.0,SG,Singapore,官方,149 ms
195.85.23.222,443,0.0.0.0,SG,Singapore,官方,109 ms
195.85.23.82,443,0.0.0.0,SG,Singapore,官方,58 ms
185.162.230.118,443,0.0.0.0,SG,Singapore,官方,87 ms
185.162.229.177,443,0.0.0.0,SG,Singapore,官方,66 ms
185.162.228.47,443,0.0.0.0,SG,Singapore,官方,3 ms
195.85.59.151,443,0.0.0.0,SG,Singapore,官方,20 ms
185.162.229.104,443,0.0.0.0,SG,Singapore,官方,58 ms
185.162.230.36,443,0.0.0.0,SG,Singapore,官方,176 ms
185.162.229.144,443,0.0.0.0,SG,Singapore,官方,126 ms
185.162.229.148,443,0.0.0.0,SG,Singapore,官方,34 ms
195.85.23.197,443,0.0.0.0,SG,Singapore,官方,125 ms
185.162.229.117,443,0.0.0.0,SG,Singapore,官方,5 ms
195.85.23.155,443,0.0.0.0,SG,Singapore,官方,66 ms
195.85.23.223,443,0.0.0.0,SG,Singapore,官方,180 ms
185.162.230.47,443,0.0.0.0,SG,Singapore,官方,23 ms
195.85.23.116,443,0.0.0.0,SG,Singapore,官方,39 ms
195.85.23.23,443,0.0.0.0,SG,Singapore,官方,124 ms
195.85.59.110,443,0.0.0.0,SG,Singapore,官方,134 ms
185.162.228.143,443,0.0.0.0,SG,Singapore,官方,68 ms
195.85.59.211,443,0.0.0.0,SG,Singapore,官方,102 ms
185.162.228.221,443,0.0.0.0,SG,Singapore,官方,14 ms
195.85.59.220,443,0.0.0.0,SG,Singapore,官方,55 ms
185.162.228.208,443,0.0.0.0,SG,Singapore,官方,85 ms
195.85.23.144,443,0.0.0.0,SG,Singapore,官方,175 ms
185.162.230.129,443,0.0.0.0,SG,Singapore,官方,46 ms
185.162.228.61,443,0.0.0.0,SG,Singapore,官方,46 ms
185.162.229.221,443,0.0.0.0,SG,Singapore,官方,254 ms
195.85.59.196,443,0.0.0.0,SG,Singapore,官方,115 ms
185.162.231.120,443,0.0.0.0,SG,Singapore,官方,106 ms
195.85.59.83,443,0.0.0.0,SG,Singapore,官方,177 ms
185.162.229.33,443,0.0.0.0,SG,Singapore,官方,87 ms
185.162.231.133,443,0.0.0.0,SG,Singapore,官方,19 ms
195.85.88.57,443,0.0.0.0,SG,Singapore,官方,204 ms
195.85.88.34,443,0.0.0.0,SG,Singapore,官方,178 ms
185.162.231.13,443,0.0.0.0,SG,Singapore,官方,17 ms
195.85.88.145,443,0.0.0.0,SG,Singapore,官方,102 ms
195.85.88.185,443,0.0.0.0,SG,Singapore,官方,102 ms
185.162.231.143,443,0.0.0.0,SG,Singapore,官方,43 ms
195.85.23.4,443,0.0.0.0,SG,Singapore,官方,102 ms
185.162.231.178,443,0.0.0.0,SG,Singapore,官方,160 ms
195.85.88.91,443,0.0.0.0,SG,Singapore,官方,96 ms
185.162.229.209,443,0.0.0.0,SG,Singapore,官方,85 ms
195.85.88.148,443,0.0.0.0,SG,Singapore,官方,57 ms
185.162.230.175,443,0.0.0.0,SG,Singapore,官方,73 ms
185.162.229.20,443,0.0.0.0,SG,Singapore,官方,243 ms
195.85.59.209,443,0.0.0.0,SG,Singapore,官方,4 ms
195.85.88.97,443,0.0.0.0,SG,Singapore,官方,86 ms
185.162.230.121,443,0.0.0.0,SG,Singapore,官方,115 ms
185.162.231.113,443,0.0.0.0,SG,Singapore,官方,222 ms
185.162.228.246,443,0.0.0.0,SG,Singapore,官方,21 ms
185.162.230.128,443,0.0.0.0,SG,Singapore,官方,110 ms
185.162.230.143,443,0.0.0.0,SG,Singapore,官方,105 ms
195.85.88.224,443,0.0.0.0,SG,Singapore,官方,161 ms
185.162.228.122,443,0.0.0.0,SG,Singapore,官方,168 ms
185.162.229.241,443,0.0.0.0,SG,Singapore,官方,104 ms
185.162.228.41,443,0.0.0.0,SG,Singapore,官方,158 ms
185.162.228.107,443,0.0.0.0,SG,Singapore,官方,232 ms
185.162.228.6,443,0.0.0.0,SG,Singapore,官方,27 ms
195.85.23.45,443,0.0.0.0,SG,Singapore,官方,13 ms
195.85.88.86,443,0.0.0.0,SG,Singapore,官方,98 ms
185.162.228.137,443,0.0.0.0,SG,Singapore,官方,116 ms
185.162.228.198,443,0.0.0.0,SG,Singapore,官方,141 ms
195.85.23.251,443,0.0.0.0,SG,Singapore,官方,8 ms
195.85.23.206,443,0.0.0.0,SG,Singapore,官方,105 ms
195.85.23.249,443,0.0.0.0,SG,Singapore,官方,112 ms
185.162.229.134,443,0.0.0.0,SG,Singapore,官方,8 ms
185.162.228.51,443,0.0.0.0,SG,Singapore,官方,89 ms
195.85.88.117,443,0.0.0.0,SG,Singapore,官方,17 ms
195.85.59.98,443,0.0.0.0,SG,Singapore,官方,106 ms
195.85.23.188,443,0.0.0.0,SG,Singapore,官方,143 ms
195.85.23.60,443,0.0.0.0,SG,Singapore,官方,216 ms
185.162.228.73,443,0.0.0.0,SG,Singapore,官方,116 ms
185.162.230.46,443,0.0.0.0,SG,Singapore,官方,154 ms
195.85.88.26,443,0.0.0.0,SG,Singapore,官方,164 ms
195.85.59.149,443,0.0.0.0,SG,Singapore,官方,14 ms
185.162.228.189,443,0.0.0.0,SG,Singapore,官方,84 ms
195.85.59.48,443,0.0.0.0,SG,Singapore,官方,158 ms
185.162.230.217,443,0.0.0.0,SG,Singapore,官方,40 ms
185.162.230.122,443,0.0.0.0,SG,Singapore,官方,45 ms
185.162.229.56,443,0.0.0.0,SG,Singapore,官方,117 ms
185.162.228.121,443,0.0.0.0,SG,Singapore,官方,105 ms
185.162.231.150,443,0.0.0.0,SG,Singapore,官方,88 ms
195.85.23.248,443,0.0.0.0,SG,Singapore,官方,114 ms
195.85.23.208,443,0.0.0.0,SG,Singapore,官方,90 ms
185.162.231.71,443,0.0.0.0,SG,Singapore,官方,108 ms
185.162.230.14,443,0.0.0.0,SG,Singapore,官方,180 ms
185.162.229.29,443,0.0.0.0,SG,Singapore,官方,26 ms
195.85.23.54,443,0.0.0.0,SG,Singapore,官方,97 ms
185.162.231.123,443,0.0.0.0,SG,Singapore,官方,74 ms
195.85.59.238,443,0.0.0.0,SG,Singapore,官方,237 ms
195.85.59.105,443,0.0.0.0,SG,Singapore,官方,69 ms
195.85.59.104,443,0.0.0.0,SG,Singapore,官方,232 ms
185.162.231.100,443,0.0.0.0,SG,Singapore,官方,134 ms
195.85.88.75,443,0.0.0.0,SG,Singapore,官方,186 ms
195.85.88.5,443,0.0.0.0,SG,Singapore,官方,160 ms
185.162.229.102,443,0.0.0.0,SG,Singapore,官方,42 ms
185.162.229.8,443,0.0.0.0,SG,Singapore,官方,216 ms
185.162.231.201,443,0.0.0.0,SG,Singapore,官方,67 ms
195.85.88.234,443,0.0.0.0,SG,Singapore,官方,128 ms
185.162.229.233,443,0.0.0.0,SG,Singapore,官方,65 ms
195.85.88.51,443,0.0.0.0,SG,Singapore,官方,108 ms
185.162.228.134,443,0.0.0.0,SG,Singapore,官方,22 ms
185.162.230.221,443,0.0.0.0,SG,Singapore,官方,22 ms
185.162.229.89,443,0.0.0.0,SG,Singapore,官方,88 ms
195.85.59.53,443,0.0.0.0,SG,Singapore,官方,73 ms
185.162.230.225,443,0.0.0.0,SG,Singapore,官方,167 ms
185.162.229.139,443,0.0.0.0,SG,Singapore,官方,142 ms
185.162.229.229,443,0.0.0.0,SG,Singapore,官方,96 ms
195.85.23.214,443,0.0.0.0,SG,Singapore,官方,45 ms
195.85.59.132,443,0.0.0.0,SG,Singapore,官方,132 ms
185.162.231.122,443,0.0.0.0,SG,Singapore,官方,122 ms
185.162.228.142,443,0.0.0.0,SG,Singapore,官方,6 ms
195.85.23.2,443,0.0.0.0,SG,Singapore,官方,6 ms
195.85.59.188,443,0.0.0.0,SG,Singapore,官方,51 ms
195.85.23.186,443,0.0.0.0,SG,Singapore,官方,164 ms
185.162.231.9,443,0.0.0.0,SG,Singapore,官方,77 ms
185.162.229.206,443,0.0.0.0,SG,Singapore,官方,103 ms
195.85.88.76,443,0.0.0.0,SG,Singapore,官方,162 ms
185.162.228.102,443,0.0.0.0,SG,Singapore,官方,38 ms
195.85.23.100,443,0.0.0.0,SG,Singapore,官方,169 ms
185.162.228.168,443,0.0.0.0,SG,Singapore,官方,19 ms
195.85.88.181,443,0.0.0.0,SG,Singapore,官方,30 ms
185.162.231.102,443,0.0.0.0,SG,Singapore,官方,103 ms
195.85.23.27,443,0.0.0.0,SG,Singapore,官方,172 ms
185.162.231.189,443,0.0.0.0,SG,Singapore,官方,172 ms
195.85.23.180,443,0.0.0.0,SG,Singapore,官方,15 ms
185.162.231.108,443,0.0.0.0,SG,Singapore,官方,90 ms
195.85.23.107,443,0.0.0.0,SG,Singapore,官方,238 ms
195.85.88.140,443,0.0.0.0,SG,Singapore,官方,57 ms
195.85.88.42,443,0.0.0.0,SG,Singapore,官方,45 ms
185.162.229.124,443,0.0.0.0,SG,Singapore,官方,106 ms
195.85.88.139,443,0.0.0.0,SG,Singapore,官方,111 ms
195.85.88.152,443,0.0.0.0,SG,Singapore,官方,95 ms
185.162.228.81,443,0.0.0.0,SG,Singapore,官方,12 ms
195.85.23.237,443,0.0.0.0,SG,Singapore,官方,158 ms
185.162.229.237,443,0.0.0.0,SG,Singapore,官方,104 ms
185.162.229.175,443,0.0.0.0,SG,Singapore,官方,91 ms
185.162.229.103,443,0.0.0.0,SG,Singapore,官方,136 ms
185.162.228.79,443,0.0.0.0,SG,Singapore,官方,8 ms
185.162.230.110,443,0.0.0.0,SG,Singapore,官方,99 ms
195.85.23.97,443,0.0.0.0,SG,Singapore,官方,243 ms
195.85.59.178,443,0.0.0.0,SG,Singapore,官方,145 ms
185.162.230.150,443,0.0.0.0,SG,Singapore,官方,24 ms
185.162.228.218,443,0.0.0.0,SG,Singapore,官方,59 ms
185.162.228.249,443,0.0.0.0,SG,Singapore,官方,125 ms
185.162.231.101,443,0.0.0.0,SG,Singapore,官方,144 ms
185.162.230.84,443,0.0.0.0,SG,Singapore,官方,6 ms
185.162.229.140,443,0.0.0.0,SG,Singapore,官方,227 ms
185.162.231.254,443,0.0.0.0,SG,Singapore,官方,93 ms
185.162.230.95,443,0.0.0.0,SG,Singapore,官方,165 ms
195.85.88.138,443,0.0.0.0,SG,Singapore,官方,19 ms
185.162.231.47,443,0.0.0.0,SG,Singapore,官方,157 ms
185.162.230.200,443,0.0.0.0,SG,Singapore,官方,165 ms
195.85.88.159,443,0.0.0.0,SG,Singapore,官方,60 ms
185.162.229.208,443,0.0.0.0,SG,Singapore,官方,151 ms
195.85.23.227,443,0.0.0.0,SG,Singapore,官方,211 ms
185.162.228.1,443,0.0.0.0,SG,Singapore,官方,228 ms
185.162.228.29,443,0.0.0.0,SG,Singapore,官方,1 ms
185.162.230.28,443,0.0.0.0,SG,Singapore,官方,75 ms
185.162.229.150,443,0.0.0.0,SG,Singapore,官方,232 ms
185.162.228.103,443,0.0.0.0,SG,Singapore,官方,16 ms
195.85.59.1,443,0.0.0.0,SG,Singapore,官方,28 ms
185.162.230.55,443,0.0.0.0,SG,Singapore,官方,143 ms
185.162.229.179,443,0.0.0.0,SG,Singapore,官方,118 ms
185.162.230.218,443,0.0.0.0,SG,Singapore,官方,3 ms
195.85.23.76,443,0.0.0.0,SG,Singapore,官方,45 ms
195.85.23.220,443,0.0.0.0,SG,Singapore,官方,43 ms
195.85.88.107,443,0.0.0.0,SG,Singapore,官方,52 ms
185.162.229.195,443,0.0.0.0,SG,Singapore,官方,50 ms
195.85.59.97,443,0.0.0.0,SG,Singapore,官方,120 ms
185.162.229.228,443,0.0.0.0,SG,Singapore,官方,110 ms
195.85.59.108,443,0.0.0.0,SG,Singapore,官方,47 ms
185.162.230.20,443,0.0.0.0,SG,Singapore,官方,104 ms
185.162.228.9,443,0.0.0.0,SG,Singapore,官方,34 ms
195.85.59.150,443,0.0.0.0,SG,Singapore,官方,110 ms
195.85.59.134,443,0.0.0.0,SG,Singapore,官方,101 ms
195.85.59.73,443,0.0.0.0,SG,Singapore,官方,6 ms
185.162.229.156,443,0.0.0.0,SG,Singapore,官方,111 ms
195.85.59.78,443,0.0.0.0,SG,Singapore,官方,82 ms
195.85.23.185,443,0.0.0.0,SG,Singapore,官方,126 ms
185.162.228.154,443,0.0.0.0,SG,Singapore,官方,141 ms
185.162.229.214,443,0.0.0.0,SG,Singapore,官方,119 ms
195.85.23.131,443,0.0.0.0,SG,Singapore,官方,124 ms
185.162.231.99,443,0.0.0.0,SG,Singapore,官方,126 ms
185.162.230.11,443,0.0.0.0,SG,Singapore,官方,96 ms
195.85.23.28,443,0.0.0.0,SG,Singapore,官方,109 ms
185.162.231.29,443,0.0.0.0,SG,Singapore,官方,152 ms
195.85.59.26,443,0.0.0.0,SG,Singapore,官方,69 ms
185.162.228.184,443,0.0.0.0,SG,Singapore,官方,110 ms
185.162.228.46,443,0.0.0.0,SG,Singapore,官方,27 ms
195.85.59.50,443,0.0.0.0,SG,Singapore,官方,9 ms
195.85.23.47,443,0.0.0.0,SG,Singapore,官方,192 ms
185.162.229.79,443,0.0.0.0,SG,Singapore,官方,18 ms
185.162.228.67,443,0.0.0.0,SG,Singapore,官方,139 ms
195.85.59.36,443,0.0.0.0,SG,Singapore,官方,165 ms
195.85.88.116,443,0.0.0.0,SG,Singapore,官方,180 ms
185.162.228.128,443,0.0.0.0,SG,Singapore,官方,91 ms
185.162.231.198,443,0.0.0.0,SG,Singapore,官方,53 ms
185.162.228.77,443,0.0.0.0,SG,Singapore,官方,68 ms
195.85.88.30,443,0.0.0.0,SG,Singapore,官方,87 ms
195.85.59.30,443,0.0.0.0,SG,Singapore,官方,186 ms
185.162.228.213,443,0.0.0.0,SG,Singapore,官方,127 ms
185.162.228.166,443,0.0.0.0,SG,Singapore,官方,57 ms
185.162.231.5,443,0.0.0.0,SG,Singapore,官方,99 ms
185.162.230.197,443,0.0.0.0,SG,Singapore,官方,94 ms
185.162.230.59,443,0.0.0.0,SG,Singapore,官方,53 ms
185.162.230.101,443,0.0.0.0,SG,Singapore,官方,113 ms
185.162.229.11,443,0.0.0.0,SG,Singapore,官方,113 ms
185.162.230.25,443,0.0.0.0,SG,Singapore,官方,17 ms
195.85.88.135,443,0.0.0.0,SG,Singapore,官方,133 ms
195.85.59.177,443,0.0.0.0,SG,Singapore,官方,76 ms
185.162.228.179,443,0.0.0.0,SG,Singapore,官方,102 ms
195.85.88.206,443,0.0.0.0,SG,Singapore,官方,90 ms
185.162.228.110,443,0.0.0.0,SG,Singapore,官方,24 ms
195.85.59.56,443,0.0.0.0,SG,Singapore,官方,43 ms
185.162.231.171,443,0.0.0.0,SG,Singapore,官方,50 ms
195.85.88.205,443,0.0.0.0,SG,Singapore,官方,11 ms
195.85.23.171,443,0.0.0.0,SG,Singapore,官方,43 ms
195.85.23.200,443,0.0.0.0,SG,Singapore,官方,108 ms
195.85.88.16,443,0.0.0.0,SG,Singapore,官方,125 ms
185.162.228.40,443,0.0.0.0,SG,Singapore,官方,15 ms
185.162.230.168,443,0.0.0.0,SG,Singapore,官方,9 ms
185.162.230.216,443,0.0.0.0,SG,Singapore,官方,6 ms
185.162.230.227,443,0.0.0.0,SG,Singapore,官方,165 ms
185.162.231.97,443,0.0.0.0,SG,Singapore,官方,20 ms
195.85.23.148,443,0.0.0.0,SG,Singapore,官方,111 ms
185.162.231.114,443,0.0.0.0,SG,Singapore,官方,239 ms
195.85.88.39,443,0.0.0.0,SG,Singapore,官方,165 ms
195.85.23.86,443,0.0.0.0,SG,Singapore,官方,124 ms
185.162.229.230,443,0.0.0.0,SG,Singapore,官方,51 ms
185.162.229.205,443,0.0.0.0,SG,Singapore,官方,57 ms
185.162.229.127,443,0.0.0.0,SG,Singapore,官方,124 ms
185.162.228.35,443,0.0.0.0,SG,Singapore,官方,138 ms
185.162.230.15,443,0.0.0.0,SG,Singapore,官方,220 ms
185.162.229.84,443,0.0.0.0,SG,Singapore,官方,37 ms
195.85.59.39,443,0.0.0.0,SG,Singapore,官方,181 ms
185.162.231.75,443,0.0.0.0,SG,Singapore,官方,126 ms
185.162.228.124,443,0.0.0.0,SG,Singapore,官方,97 ms
185.162.230.57,443,0.0.0.0,SG,Singapore,官方,31 ms
185.162.229.25,443,0.0.0.0,SG,Singapore,官方,59 ms
195.85.23.109,443,0.0.0.0,SG,Singapore,官方,15 ms
185.162.229.27,443,0.0.0.0,SG,Singapore,官方,34 ms
195.85.59.198,443,0.0.0.0,SG,Singapore,官方,17 ms
185.162.229.5,443,0.0.0.0,SG,Singapore,官方,199 ms
185.162.230.215,443,0.0.0.0,SG,Singapore,官方,78 ms
185.162.229.220,443,0.0.0.0,SG,Singapore,官方,48 ms
195.85.23.21,443,0.0.0.0,SG,Singapore,官方,209 ms
195.85.23.72,443,0.0.0.0,SG,Singapore,官方,65 ms
185.162.228.182,443,0.0.0.0,SG,Singapore,官方,11 ms
195.85.23.48,443,0.0.0.0,SG,Singapore,官方,147 ms
185.162.228.93,443,0.0.0.0,SG,Singapore,官方,111 ms
185.162.229.73,443,0.0.0.0,SG,Singapore,官方,116 ms
185.162.228.205,443,0.0.0.0,SG,Singapore,官方,100 ms
185.162.228.195,443,0.0.0.0,SG,Singapore,官方,100 ms
185.162.228.158,443,0.0.0.0,SG,Singapore,官方,115 ms
185.162.229.178,443,0.0.0.0,SG,Singapore,官方,118 ms
185.162.229.60,443,0.0.0.0,SG,Singapore,官方,106 ms
185.162.231.45,443,0.0.0.0,SG,Singapore,官方,7 ms
185.162.228.153,443,0.0.0.0,SG,Singapore,官方,43 ms
195.85.59.35,443,0.0.0.0,SG,Singapore,官方,113 ms
185.162.231.230,443,0.0.0.0,SG,Singapore,官方,81 ms
185.162.231.169,443,0.0.0.0,SG,Singapore,官方,148 ms
185.162.228.163,443,0.0.0.0,SG,Singapore,官方,115 ms
195.85.59.63,443,0.0.0.0,SG,Singapore,官方,37 ms
185.162.229.152,443,0.0.0.0,SG,Singapore,官方,162 ms
185.162.228.55,443,0.0.0.0,SG,Singapore,官方,182 ms
185.162.230.251,443,0.0.0.0,SG,Singapore,官方,120 ms
185.162.230.107,443,0.0.0.0,SG,Singapore,官方,39 ms
185.162.229.52,443,0.0.0.0,SG,Singapore,官方,191 ms
185.162.228.87,443,0.0.0.0,SG,Singapore,官方,167 ms
185.162.229.55,443,0.0.0.0,SG,Singapore,官方,247 ms
185.162.231.78,443,0.0.0.0,SG,Singapore,官方,141 ms
185.162.229.12,443,0.0.0.0,SG,Singapore,官方,207 ms
195.85.23.59,443,0.0.0.0,SG,Singapore,官方,61 ms
185.162.230.54,443,0.0.0.0,SG,Singapore,官方,94 ms
185.162.231.69,443,0.0.0.0,SG,Singapore,官方,159 ms
195.85.23.120,443,0.0.0.0,SG,Singapore,官方,99 ms
185.162.229.118,443,0.0.0.0,SG,Singapore,官方,89 ms
195.85.88.96,443,0.0.0.0,SG,Singapore,官方,109 ms
195.85.88.249,443,0.0.0.0,SG,Singapore,官方,60 ms
195.85.88.99,443,0.0.0.0,SG,Singapore,官方,169 ms
195.85.88.48,443,0.0.0.0,SG,Singapore,官方,29 ms
185.162.229.109,443,0.0.0.0,SG,Singapore,官方,75 ms
195.85.23.207,443,0.0.0.0,SG,Singapore,官方,34 ms
195.85.59.234,443,0.0.0.0,SG,Singapore,官方,26 ms
185.162.229.202,443,0.0.0.0,SG,Singapore,官方,60 ms
185.162.230.177,443,0.0.0.0,SG,Singapore,官方,159 ms
195.85.88.177,443,0.0.0.0,SG,Singapore,官方,75 ms
195.85.59.168,443,0.0.0.0,SG,Singapore,官方,92 ms
195.85.23.213,443,0.0.0.0,SG,Singapore,官方,109 ms
185.162.230.204,443,0.0.0.0,SG,Singapore,官方,95 ms
195.85.88.24,443,0.0.0.0,SG,Singapore,官方,142 ms
185.162.230.22,443,0.0.0.0,SG,Singapore,官方,72 ms
195.85.88.253,443,0.0.0.0,SG,Singapore,官方,30 ms
195.85.23.209,443,0.0.0.0,SG,Singapore,官方,37 ms
195.85.23.165,443,0.0.0.0,SG,Singapore,官方,62 ms
185.162.229.204,443,0.0.0.0,SG,Singapore,官方,14 ms
195.85.88.193,443,0.0.0.0,SG,Singapore,官方,77 ms
185.162.231.116,443,0.0.0.0,SG,Singapore,官方,190 ms
195.85.88.63,443,0.0.0.0,SG,Singapore,官方,173 ms
185.162.230.248,443,0.0.0.0,SG,Singapore,官方,52 ms
195.85.88.19,443,0.0.0.0,SG,Singapore,官方,142 ms
185.162.231.250,443,0.0.0.0,SG,Singapore,官方,76 ms
195.85.59.40,443,0.0.0.0,SG,Singapore,官方,9 ms
185.162.231.128,443,0.0.0.0,SG,Singapore,官方,69 ms
195.85.23.121,443,0.0.0.0,SG,Singapore,官方,197 ms
185.162.229.185,443,0.0.0.0,SG,Singapore,官方,215 ms
185.162.229.234,443,0.0.0.0,SG,Singapore,官方,23 ms
185.162.231.175,443,0.0.0.0,SG,Singapore,官方,80 ms
195.85.59.142,443,0.0.0.0,SG,Singapore,官方,94 ms
185.162.229.91,443,0.0.0.0,SG,Singapore,官方,168 ms
195.85.23.181,443,0.0.0.0,SG,Singapore,官方,62 ms
185.162.230.116,443,0.0.0.0,SG,Singapore,官方,242 ms
185.162.231.214,443,0.0.0.0,SG,Singapore,官方,121 ms
185.162.229.143,443,0.0.0.0,SG,Singapore,官方,173 ms
195.85.23.71,443,0.0.0.0,SG,Singapore,官方,202 ms
195.85.23.166,443,0.0.0.0,SG,Singapore,官方,71 ms
195.85.23.193,443,0.0.0.0,SG,Singapore,官方,52 ms
185.162.231.173,443,0.0.0.0,SG,Singapore,官方,130 ms
185.162.229.23,443,0.0.0.0,SG,Singapore,官方,34 ms
195.85.88.252,443,0.0.0.0,SG,Singapore,官方,153 ms
185.162.229.77,443,0.0.0.0,SG,Singapore,官方,66 ms
185.162.231.27,443,0.0.0.0,SG,Singapore,官方,161 ms
195.85.59.37,443,0.0.0.0,SG,Singapore,官方,66 ms
195.85.23.119,443,0.0.0.0,SG,Singapore,官方,42 ms
185.162.231.63,443,0.0.0.0,SG,Singapore,官方,136 ms
185.162.229.246,443,0.0.0.0,SG,Singapore,官方,13 ms
185.162.231.20,443,0.0.0.0,SG,Singapore,官方,61 ms
195.85.59.3,443,0.0.0.0,SG,Singapore,官方,132 ms
195.85.59.218,443,0.0.0.0,SG,Singapore,官方,235 ms
195.85.59.156,443,0.0.0.0,SG,Singapore,官方,129 ms
185.162.230.222,443,0.0.0.0,SG,Singapore,官方,57 ms
185.162.228.152,443,0.0.0.0,SG,Singapore,官方,68 ms
195.85.59.34,443,0.0.0.0,SG,Singapore,官方,109 ms
185.162.231.188,443,0.0.0.0,SG,Singapore,官方,203 ms
185.162.230.233,443,0.0.0.0,SG,Singapore,官方,133 ms
185.162.230.255,443,0.0.0.0,SG,Singapore,官方,7 ms
195.85.88.59,443,0.0.0.0,SG,Singapore,官方,118 ms
185.162.231.0,443,0.0.0.0,SG,Singapore,官方,127 ms
185.162.229.123,443,0.0.0.0,SG,Singapore,官方,76 ms
195.85.88.189,443,0.0.0.0,SG,Singapore,官方,75 ms
195.85.59.242,443,0.0.0.0,SG,Singapore,官方,6 ms
185.162.231.18,443,0.0.0.0,SG,Singapore,官方,59 ms
195.85.59.71,443,0.0.0.0,SG,Singapore,官方,24 ms
195.85.23.9,443,0.0.0.0,SG,Singapore,官方,129 ms
185.162.228.149,443,0.0.0.0,SG,Singapore,官方,44 ms
185.162.231.24,443,0.0.0.0,SG,Singapore,官方,118 ms
185.162.231.248,443,0.0.0.0,SG,Singapore,官方,96 ms
185.162.230.29,443,0.0.0.0,SG,Singapore,官方,57 ms
195.85.88.14,443,0.0.0.0,SG,Singapore,官方,229 ms
185.162.230.130,443,0.0.0.0,SG,Singapore,官方,47 ms
195.85.23.224,443,0.0.0.0,SG,Singapore,官方,60 ms
195.85.88.101,443,0.0.0.0,SG,Singapore,官方,66 ms
185.162.231.228,443,0.0.0.0,SG,Singapore,官方,117 ms
195.85.23.226,443,0.0.0.0,SG,Singapore,官方,64 ms
185.162.229.88,443,0.0.0.0,SG,Singapore,官方,165 ms
185.162.230.131,443,0.0.0.0,SG,Singapore,官方,105 ms
185.162.231.40,443,0.0.0.0,SG,Singapore,官方,116 ms
195.85.59.46,443,0.0.0.0,SG,Singapore,官方,158 ms
185.162.231.142,443,0.0.0.0,SG,Singapore,官方,182 ms
185.162.228.238,443,0.0.0.0,SG,Singapore,官方,39 ms
195.85.88.203,443,0.0.0.0,SG,Singapore,官方,133 ms
195.85.88.54,443,0.0.0.0,SG,Singapore,官方,240 ms
185.162.228.49,443,0.0.0.0,SG,Singapore,官方,51 ms
185.162.229.247,443,0.0.0.0,SG,Singapore,官方,129 ms
185.162.228.99,443,0.0.0.0,SG,Singapore,官方,110 ms
185.162.231.59,443,0.0.0.0,SG,Singapore,官方,69 ms
185.162.229.223,443,0.0.0.0,SG,Singapore,官方,15 ms
185.162.231.208,443,0.0.0.0,SG,Singapore,官方,102 ms
195.85.23.137,443,0.0.0.0,SG,Singapore,官方,45 ms
195.85.88.209,443,0.0.0.0,SG,Singapore,官方,88 ms
185.162.230.144,443,0.0.0.0,SG,Singapore,官方,256 ms
195.85.88.7,443,0.0.0.0,SG,Singapore,官方,125 ms
185.162.230.72,443,0.0.0.0,SG,Singapore,官方,253 ms
185.162.231.225,443,0.0.0.0,SG,Singapore,官方,67 ms
195.85.59.227,443,0.0.0.0,SG,Singapore,官方,5 ms
195.85.88.128,443,0.0.0.0,SG,Singapore,官方,71 ms
185.162.231.76,443,0.0.0.0,SG,Singapore,官方,64 ms
185.162.228.201,443,0.0.0.0,SG,Singapore,官方,141 ms
195.85.59.19,443,0.0.0.0,SG,Singapore,官方,125 ms
185.162.230.92,443,0.0.0.0,SG,Singapore,官方,37 ms
195.85.59.159,443,0.0.0.0,SG,Singapore,官方,77 ms
195.85.59.31,443,0.0.0.0,SG,Singapore,官方,60 ms
195.85.88.136,443,0.0.0.0,SG,Singapore,官方,32 ms
195.85.88.169,443,0.0.0.0,SG,Singapore,官方,213 ms
185.162.231.42,443,0.0.0.0,SG,Singapore,官方,53 ms
195.85.59.252,443,0.0.0.0,SG,Singapore,官方,172 ms
185.162.231.168,443,0.0.0.0,SG,Singapore,官方,108 ms
195.85.59.169,443,0.0.0.0,SG,Singapore,官方,60 ms
185.162.228.140,443,0.0.0.0,SG,Singapore,官方,49 ms
185.162.230.162,443,0.0.0.0,SG,Singapore,官方,149 ms
195.85.88.66,443,0.0.0.0,SG,Singapore,官方,7 ms
195.85.88.81,443,0.0.0.0,SG,Singapore,官方,227 ms
195.85.23.13,443,0.0.0.0,SG,Singapore,官方,42 ms
185.162.228.157,443,0.0.0.0,SG,Singapore,官方,78 ms
195.85.59.231,443,0.0.0.0,SG,Singapore,官方,98 ms
195.85.59.222,443,0.0.0.0,SG,Singapore,官方,58 ms
185.162.230.33,443,0.0.0.0,SG,Singapore,官方,113 ms
195.85.88.77,443,0.0.0.0,SG,Singapore,官方,181 ms
195.85.23.167,443,0.0.0.0,SG,Singapore,官方,22 ms
195.85.88.10,443,0.0.0.0,SG,Singapore,官方,159 ms
195.85.59.143,443,0.0.0.0,SG,Singapore,官方,45 ms
195.85.23.235,443,0.0.0.0,SG,Singapore,官方,90 ms
195.85.23.31,443,0.0.0.0,SG,Singapore,官方,228 ms
195.85.23.12,443,0.0.0.0,SG,Singapore,官方,9 ms
195.85.59.141,443,0.0.0.0,SG,Singapore,官方,126 ms
185.162.229.61,443,0.0.0.0,SG,Singapore,官方,116 ms
185.162.230.176,443,0.0.0.0,SG,Singapore,官方,50 ms
185.162.230.1,443,0.0.0.0,SG,Singapore,官方,126 ms
185.162.230.120,443,0.0.0.0,SG,Singapore,官方,90 ms
185.162.228.133,443,0.0.0.0,SG,Singapore,官方,119 ms
195.85.88.187,443,0.0.0.0,SG,Singapore,官方,134 ms
195.85.59.55,443,0.0.0.0,SG,Singapore,官方,16 ms
185.162.231.87,443,0.0.0.0,SG,Singapore,官方,66 ms
185.162.228.92,443,0.0.0.0,SG,Singapore,官方,71 ms
185.162.229.105,443,0.0.0.0,SG,Singapore,官方,104 ms
185.162.230.252,443,0.0.0.0,SG,Singapore,官方,50 ms
185.162.229.155,443,0.0.0.0,SG,Singapore,官方,163 ms
185.162.230.19,443,0.0.0.0,SG,Singapore,官方,48 ms
185.162.229.62,443,0.0.0.0,SG,Singapore,官方,14 ms
195.85.88.182,443,0.0.0.0,SG,Singapore,官方,172 ms
195.85.23.134,443,0.0.0.0,SG,Singapore,官方,103 ms
195.85.23.250,443,0.0.0.0,SG,Singapore,官方,173 ms
185.162.230.182,443,0.0.0.0,SG,Singapore,官方,109 ms
185.162.231.240,443,0.0.0.0,SG,Singapore,官方,183 ms
195.85.59.99,443,0.0.0.0,SG,Singapore,官方,200 ms
185.162.230.157,443,0.0.0.0,SG,Singapore,官方,67 ms
195.85.88.153,443,0.0.0.0,SG,Singapore,官方,72 ms
185.162.229.116,443,0.0.0.0,SG,Singapore,官方,23 ms
185.162.230.180,443,0.0.0.0,SG,Singapore,官方,43 ms
195.85.59.230,443,0.0.0.0,SG,Singapore,官方,58 ms
185.162.230.240,443,0.0.0.0,SG,Singapore,官方,188 ms
185.162.231.65,443,0.0.0.0,SG,Singapore,官方,70 ms
195.85.88.247,443,0.0.0.0,SG,Singapore,官方,116 ms
185.162.231.192,443,0.0.0.0,SG,Singapore,官方,58 ms
185.162.230.189,443,0.0.0.0,SG,Singapore,官方,153 ms
195.85.88.25,443,0.0.0.0,SG,Singapore,官方,126 ms
185.162.228.171,443,0.0.0.0,SG,Singapore,官方,42 ms
195.85.23.140,443,0.0.0.0,SG,Singapore,官方,49 ms
185.162.231.86,443,0.0.0.0,SG,Singapore,官方,36 ms
195.85.88.248,443,0.0.0.0,SG,Singapore,官方,20 ms
185.162.230.133,443,0.0.0.0,SG,Singapore,官方,144 ms
185.162.229.42,443,0.0.0.0,SG,Singapore,官方,120 ms
185.162.228.132,443,0.0.0.0,SG,Singapore,官方,141 ms
195.85.88.109,443,0.0.0.0,SG,Singapore,官方,240 ms
185.162.228.72,443,0.0.0.0,SG,Singapore,官方,3 ms
195.85.88.72,443,0.0.0.0,SG,Singapore,官方,98 ms
185.162.228.17,443,0.0.0.0,SG,Singapore,官方,116 ms
185.162.229.172,443,0.0.0.0,SG,Singapore,官方,101 ms
195.85.59.54,443,0.0.0.0,SG,Singapore,官方,32 ms
185.162.231.107,443,0.0.0.0,SG,Singapore,官方,86 ms
185.162.228.70,443,0.0.0.0,SG,Singapore,官方,153 ms
195.85.88.141,443,0.0.0.0,SG,Singapore,官方,79 ms
185.162.231.117,443,0.0.0.0,SG,Singapore,官方,208 ms
195.85.88.217,443,0.0.0.0,SG,Singapore,官方,174 ms
195.85.59.94,443,0.0.0.0,SG,Singapore,官方,88 ms
195.85.23.231,443,0.0.0.0,SG,Singapore,官方,161 ms
195.85.88.49,443,0.0.0.0,SG,Singapore,官方,68 ms
195.85.88.160,443,0.0.0.0,SG,Singapore,官方,17 ms
185.162.229.189,443,0.0.0.0,SG,Singapore,官方,171 ms
185.162.229.100,443,0.0.0.0,SG,Singapore,官方,80 ms
185.162.228.216,443,0.0.0.0,SG,Singapore,官方,6 ms
195.85.23.105,443,0.0.0.0,SG,Singapore,官方,236 ms
185.162.228.16,443,0.0.0.0,SG,Singapore,官方,144 ms
195.85.59.123,443,0.0.0.0,SG,Singapore,官方,54 ms
195.85.23.3,443,0.0.0.0,SG,Singapore,官方,104 ms
195.85.59.33,443,0.0.0.0,SG,Singapore,官方,168 ms
185.162.229.131,443,0.0.0.0,SG,Singapore,官方,12 ms
195.85.23.146,443,0.0.0.0,SG,Singapore,官方,73 ms
185.162.231.15,443,0.0.0.0,SG,Singapore,官方,80 ms
195.85.88.1,443,0.0.0.0,SG,Singapore,官方,40 ms
185.162.230.138,443,0.0.0.0,SG,Singapore,官方,124 ms
195.85.23.65,443,0.0.0.0,SG,Singapore,官方,50 ms
185.162.231.25,443,0.0.0.0,SG,Singapore,官方,142 ms
185.162.230.70,443,0.0.0.0,SG,Singapore,官方,231 ms
195.85.88.9,443,0.0.0.0,SG,Singapore,官方,120 ms
195.85.23.124,443,0.0.0.0,SG,Singapore,官方,164 ms
185.162.228.7,443,0.0.0.0,SG,Singapore,官方,32 ms
185.162.230.254,443,0.0.0.0,SG,Singapore,官方,81 ms
185.162.230.142,443,0.0.0.0,SG,Singapore,官方,110 ms
185.162.228.177,443,0.0.0.0,SG,Singapore,官方,58 ms
185.162.229.224,443,0.0.0.0,SG,Singapore,官方,160 ms
185.162.230.93,443,0.0.0.0,SG,Singapore,官方,49 ms
185.162.228.98,443,0.0.0.0,SG,Singapore,官方,148 ms
195.85.59.229,443,0.0.0.0,SG,Singapore,官方,88 ms
185.162.230.73,443,0.0.0.0,SG,Singapore,官方,14 ms
185.162.230.198,443,0.0.0.0,SG,Singapore,官方,129 ms
195.85.88.244,443,0.0.0.0,SG,Singapore,官方,119 ms
185.162.229.115,443,0.0.0.0,SG,Singapore,官方,10 ms
195.85.59.102,443,0.0.0.0,SG,Singapore,官方,98 ms
185.162.228.113,443,0.0.0.0,SG,Singapore,官方,106 ms
185.162.228.159,443,0.0.0.0,SG,Singapore,官方,197 ms
195.85.88.131,443,0.0.0.0,SG,Singapore,官方,20 ms
185.162.231.212,443,0.0.0.0,SG,Singapore,官方,23 ms
185.162.231.244,443,0.0.0.0,SG,Singapore,官方,211 ms
195.85.59.44,443,0.0.0.0,SG,Singapore,官方,40 ms
195.85.23.99,443,0.0.0.0,SG,Singapore,官方,154 ms
185.162.230.151,443,0.0.0.0,SG,Singapore,官方,72 ms
185.162.231.144,443,0.0.0.0,SG,Singapore,官方,80 ms
195.85.88.28,443,0.0.0.0,SG,Singapore,官方,180 ms
185.162.230.74,443,0.0.0.0,SG,Singapore,官方,107 ms
195.85.59.41,443,0.0.0.0,SG,Singapore,官方,20 ms
185.162.230.119,443,0.0.0.0,SG,Singapore,官方,42 ms
185.162.228.27,443,0.0.0.0,SG,Singapore,官方,87 ms
195.85.23.132,443,0.0.0.0,SG,Singapore,官方,32 ms
185.162.228.230,443,0.0.0.0,SG,Singapore,官方,63 ms
185.162.229.48,443,0.0.0.0,SG,Singapore,官方,11 ms
185.162.228.197,443,0.0.0.0,SG,Singapore,官方,55 ms
185.162.229.162,443,0.0.0.0,SG,Singapore,官方,11 ms
185.162.229.240,443,0.0.0.0,SG,Singapore,官方,26 ms
195.85.23.78,443,0.0.0.0,SG,Singapore,官方,120 ms
195.85.59.62,443,0.0.0.0,SG,Singapore,官方,85 ms
185.162.230.83,443,0.0.0.0,SG,Singapore,官方,108 ms
185.162.228.192,443,0.0.0.0,SG,Singapore,官方,9 ms
185.162.230.196,443,0.0.0.0,SG,Singapore,官方,143 ms
195.85.23.172,443,0.0.0.0,SG,Singapore,官方,136 ms
185.162.228.56,443,0.0.0.0,SG,Singapore,官方,12 ms
195.85.59.72,443,0.0.0.0,SG,Singapore,官方,114 ms
185.162.228.217,443,0.0.0.0,SG,Singapore,官方,47 ms
195.85.88.90,443,0.0.0.0,SG,Singapore,官方,100 ms
195.85.88.231,443,0.0.0.0,SG,Singapore,官方,240 ms
185.162.229.51,443,0.0.0.0,SG,Singapore,官方,76 ms
185.162.231.6,443,0.0.0.0,SG,Singapore,官方,52 ms
195.85.88.156,443,0.0.0.0,SG,Singapore,官方,54 ms
185.162.228.233,443,0.0.0.0,SG,Singapore,官方,97 ms
185.162.231.50,443,0.0.0.0,SG,Singapore,官方,119 ms
185.162.231.28,443,0.0.0.0,SG,Singapore,官方,164 ms
185.162.230.166,443,0.0.0.0,SG,Singapore,官方,51 ms
185.162.229.18,443,0.0.0.0,SG,Singapore,官方,196 ms
185.162.228.194,443,0.0.0.0,SG,Singapore,官方,131 ms
185.162.229.32,443,0.0.0.0,SG,Singapore,官方,120 ms
185.162.228.111,443,0.0.0.0,SG,Singapore,官方,158 ms
185.162.231.154,443,0.0.0.0,SG,Singapore,官方,66 ms
185.162.230.134,443,0.0.0.0,SG,Singapore,官方,38 ms
185.162.230.192,443,0.0.0.0,SG,Singapore,官方,180 ms
185.162.231.140,443,0.0.0.0,SG,Singapore,官方,128 ms
195.85.59.240,443,0.0.0.0,SG,Singapore,官方,134 ms
195.85.88.173,443,0.0.0.0,SG,Singapore,官方,202 ms
185.162.231.166,443,0.0.0.0,SG,Singapore,官方,156 ms
195.85.23.212,443,0.0.0.0,SG,Singapore,官方,172 ms
185.162.230.7,443,0.0.0.0,SG,Singapore,官方,115 ms
195.85.88.242,443,0.0.0.0,SG,Singapore,官方,125 ms
185.162.230.220,443,0.0.0.0,SG,Singapore,官方,100 ms
185.162.228.91,443,0.0.0.0,SG,Singapore,官方,68 ms
185.162.231.220,443,0.0.0.0,SG,Singapore,官方,29 ms
185.162.229.43,443,0.0.0.0,SG,Singapore,官方,71 ms
185.162.231.138,443,0.0.0.0,SG,Singapore,官方,165 ms
195.85.23.79,443,0.0.0.0,SG,Singapore,官方,97 ms
185.162.231.159,443,0.0.0.0,SG,Singapore,官方,45 ms
185.162.230.0,443,0.0.0.0,SG,Singapore,官方,83 ms
195.85.23.6,443,0.0.0.0,SG,Singapore,官方,68 ms
195.85.59.21,443,0.0.0.0,SG,Singapore,官方,208 ms
185.162.230.50,443,0.0.0.0,SG,Singapore,官方,127 ms
195.85.59.61,443,0.0.0.0,SG,Singapore,官方,241 ms
185.162.230.64,443,0.0.0.0,SG,Singapore,官方,164 ms
185.162.230.159,443,0.0.0.0,SG,Singapore,官方,17 ms
195.85.88.40,443,0.0.0.0,SG,Singapore,官方,84 ms
185.162.230.4,443,0.0.0.0,SG,Singapore,官方,76 ms
185.162.229.82,443,0.0.0.0,SG,Singapore,官方,45 ms
185.162.229.153,443,0.0.0.0,SG,Singapore,官方,102 ms
195.85.59.68,443,0.0.0.0,SG,Singapore,官方,76 ms
195.85.59.88,443,0.0.0.0,SG,Singapore,官方,27 ms
185.162.230.13,443,0.0.0.0,SG,Singapore,官方,12 ms
185.162.230.43,443,0.0.0.0,SG,Singapore,官方,40 ms
185.162.228.244,443,0.0.0.0,SG,Singapore,官方,123 ms
185.162.229.168,443,0.0.0.0,SG,Singapore,官方,59 ms
195.85.59.16,443,0.0.0.0,SG,Singapore,官方,25 ms
195.85.23.92,443,0.0.0.0,SG,Singapore,官方,70 ms
185.162.229.46,443,0.0.0.0,SG,Singapore,官方,26 ms
195.85.59.147,443,0.0.0.0,SG,Singapore,官方,128 ms
195.85.88.238,443,0.0.0.0,SG,Singapore,官方,40 ms
195.85.88.183,443,0.0.0.0,SG,Singapore,官方,68 ms
