203.32.120.25,443,0.0.0.0,SG,Singapore,官方,62 ms
203.24.103.9,443,0.0.0.0,SG,Singapore,官方,58 ms
203.24.102.50,443,0.0.0.0,SG,Singapore,官方,46 ms
203.32.120.95,443,0.0.0.0,SG,Singapore,官方,41 ms
203.24.102.128,443,0.0.0.0,SG,Singapore,官方,57 ms
203.32.121.145,443,0.0.0.0,SG,Singapore,官方,88 ms
203.24.102.42,443,0.0.0.0,SG,Singapore,官方,88 ms
203.34.80.141,443,0.0.0.0,SG,Singapore,官方,62 ms
203.34.80.205,443,0.0.0.0,SG,Singapore,官方,49 ms
203.34.28.32,443,0.0.0.0,SG,Singapore,官方,52 ms
203.24.103.140,443,0.0.0.0,SG,Singapore,官方,46 ms
203.24.102.190,443,0.0.0.0,SG,Singapore,官方,89 ms
203.32.120.241,443,0.0.0.0,SG,Singapore,官方,101 ms
203.55.107.144,443,0.0.0.0,SG,Singapore,官方,6 ms
203.34.28.188,443,0.0.0.0,SG,Singapore,官方,62 ms
203.55.107.49,443,0.0.0.0,SG,Singapore,官方,56 ms
203.34.80.32,443,0.0.0.0,SG,Singapore,官方,75 ms
203.34.28.185,443,0.0.0.0,SG,Singapore,官方,97 ms
203.32.121.138,443,0.0.0.0,SG,Singapore,官方,63 ms
203.24.103.223,443,0.0.0.0,SG,Singapore,官方,67 ms
203.32.121.103,443,0.0.0.0,SG,Singapore,官方,116 ms
203.24.102.5,443,0.0.0.0,SG,Singapore,官方,72 ms
203.34.80.188,443,0.0.0.0,SG,Singapore,官方,33 ms
203.34.80.54,443,0.0.0.0,SG,Singapore,官方,53 ms
203.24.102.240,443,0.0.0.0,SG,Singapore,官方,36 ms
203.34.28.17,443,0.0.0.0,SG,Singapore,官方,104 ms
203.34.28.48,443,0.0.0.0,SG,Singapore,官方,58 ms
203.29.52.10,443,0.0.0.0,SG,Singapore,官方,105 ms
203.32.121.243,443,0.0.0.0,SG,Singapore,官方,100 ms
203.29.52.79,443,0.0.0.0,SG,Singapore,官方,175 ms
203.24.102.225,443,0.0.0.0,SG,Singapore,官方,76 ms
203.32.121.63,443,0.0.0.0,SG,Singapore,官方,205 ms
203.24.102.91,443,0.0.0.0,SG,Singapore,官方,94 ms
203.24.102.220,443,0.0.0.0,SG,Singapore,官方,42 ms
203.29.52.31,443,0.0.0.0,SG,Singapore,官方,125 ms
203.32.120.208,443,0.0.0.0,SG,Singapore,官方,155 ms
203.32.121.206,443,0.0.0.0,SG,Singapore,官方,117 ms
203.32.120.190,443,0.0.0.0,SG,Singapore,官方,119 ms
203.32.120.31,443,0.0.0.0,SG,Singapore,官方,45 ms
203.55.107.212,443,0.0.0.0,SG,Singapore,官方,125 ms
203.24.102.253,443,0.0.0.0,SG,Singapore,官方,129 ms
203.55.107.93,443,0.0.0.0,SG,Singapore,官方,77 ms
203.34.28.91,443,0.0.0.0,SG,Singapore,官方,35 ms
203.32.120.92,443,0.0.0.0,SG,Singapore,官方,197 ms
203.55.107.11,443,0.0.0.0,SG,Singapore,官方,99 ms
203.24.102.179,443,0.0.0.0,SG,Singapore,官方,36 ms
203.34.28.165,443,0.0.0.0,SG,Singapore,官方,146 ms
203.24.102.162,443,0.0.0.0,SG,Singapore,官方,20 ms
203.34.80.234,443,0.0.0.0,SG,Singapore,官方,105 ms
203.34.80.187,443,0.0.0.0,SG,Singapore,官方,196 ms
203.34.28.129,443,0.0.0.0,SG,Singapore,官方,103 ms
203.55.107.199,443,0.0.0.0,SG,Singapore,官方,27 ms
203.29.52.101,443,0.0.0.0,SG,Singapore,官方,29 ms
203.34.80.226,443,0.0.0.0,SG,Singapore,官方,128 ms
203.34.80.135,443,0.0.0.0,SG,Singapore,官方,36 ms
203.55.107.189,443,0.0.0.0,SG,Singapore,官方,201 ms
203.55.107.47,443,0.0.0.0,SG,Singapore,官方,248 ms
203.29.52.197,443,0.0.0.0,SG,Singapore,官方,48 ms
203.32.121.83,443,0.0.0.0,SG,Singapore,官方,89 ms
203.34.80.242,443,0.0.0.0,SG,Singapore,官方,78 ms
203.24.102.37,443,0.0.0.0,SG,Singapore,官方,34 ms
203.24.102.24,443,0.0.0.0,SG,Singapore,官方,87 ms
203.29.52.154,443,0.0.0.0,SG,Singapore,官方,54 ms
203.32.121.90,443,0.0.0.0,SG,Singapore,官方,64 ms
203.24.103.216,443,0.0.0.0,SG,Singapore,官方,185 ms
203.24.102.0,443,0.0.0.0,SG,Singapore,官方,186 ms
203.24.103.53,443,0.0.0.0,SG,Singapore,官方,135 ms
203.34.80.142,443,0.0.0.0,SG,Singapore,官方,86 ms
203.32.121.217,443,0.0.0.0,SG,Singapore,官方,25 ms
203.32.121.250,443,0.0.0.0,SG,Singapore,官方,194 ms
203.34.80.171,443,0.0.0.0,SG,Singapore,官方,209 ms
203.55.107.233,443,0.0.0.0,SG,Singapore,官方,59 ms
203.24.103.246,443,0.0.0.0,SG,Singapore,官方,189 ms
203.34.28.223,443,0.0.0.0,SG,Singapore,官方,52 ms
203.32.120.112,443,0.0.0.0,SG,Singapore,官方,167 ms
203.29.52.119,443,0.0.0.0,SG,Singapore,官方,9 ms
203.24.103.113,443,0.0.0.0,SG,Singapore,官方,99 ms
203.32.121.175,443,0.0.0.0,SG,Singapore,官方,59 ms
203.34.80.99,443,0.0.0.0,SG,Singapore,官方,44 ms
203.29.52.205,443,0.0.0.0,SG,Singapore,官方,124 ms
203.24.102.202,443,0.0.0.0,SG,Singapore,官方,109 ms
203.32.120.0,443,0.0.0.0,SG,Singapore,官方,25 ms
203.24.103.136,443,0.0.0.0,SG,Singapore,官方,172 ms
203.24.102.122,443,0.0.0.0,SG,Singapore,官方,275 ms
203.24.102.48,443,0.0.0.0,SG,Singapore,官方,29 ms
203.32.121.12,443,0.0.0.0,SG,Singapore,官方,86 ms
203.32.120.194,443,0.0.0.0,SG,Singapore,官方,277 ms
203.32.120.83,443,0.0.0.0,SG,Singapore,官方,308 ms
203.55.107.71,443,0.0.0.0,SG,Singapore,官方,188 ms
203.24.102.144,443,0.0.0.0,SG,Singapore,官方,193 ms
203.32.121.80,443,0.0.0.0,SG,Singapore,官方,46 ms
203.34.28.175,443,0.0.0.0,SG,Singapore,官方,124 ms
203.32.120.41,443,0.0.0.0,SG,Singapore,官方,92 ms
203.29.52.111,443,0.0.0.0,SG,Singapore,官方,360 ms
203.32.120.244,443,0.0.0.0,SG,Singapore,官方,89 ms
203.32.121.231,443,0.0.0.0,SG,Singapore,官方,94 ms
203.32.120.111,443,0.0.0.0,SG,Singapore,官方,219 ms
203.32.121.105,443,0.0.0.0,SG,Singapore,官方,52 ms
203.32.120.64,443,0.0.0.0,SG,Singapore,官方,189 ms
203.55.107.147,443,0.0.0.0,SG,Singapore,官方,179 ms
203.29.52.207,443,0.0.0.0,SG,Singapore,官方,90 ms
203.32.120.40,443,0.0.0.0,SG,Singapore,官方,279 ms
203.29.52.114,443,0.0.0.0,SG,Singapore,官方,139 ms
203.34.80.211,443,0.0.0.0,SG,Singapore,官方,258 ms
203.24.103.233,443,0.0.0.0,SG,Singapore,官方,83 ms
203.24.102.203,443,0.0.0.0,SG,Singapore,官方,108 ms
203.55.107.124,443,0.0.0.0,SG,Singapore,官方,23 ms
203.55.107.98,443,0.0.0.0,SG,Singapore,官方,37 ms
203.29.52.92,443,0.0.0.0,SG,Singapore,官方,53 ms
203.34.80.178,443,0.0.0.0,SG,Singapore,官方,40 ms
203.32.121.27,443,0.0.0.0,SG,Singapore,官方,99 ms
203.32.120.74,443,0.0.0.0,SG,Singapore,官方,7 ms
203.34.28.65,443,0.0.0.0,SG,Singapore,官方,128 ms
203.55.107.174,443,0.0.0.0,SG,Singapore,官方,21 ms
203.34.80.26,443,0.0.0.0,SG,Singapore,官方,105 ms
203.32.121.22,443,0.0.0.0,SG,Singapore,官方,61 ms
203.24.103.195,443,0.0.0.0,SG,Singapore,官方,87 ms
203.34.80.10,443,0.0.0.0,SG,Singapore,官方,172 ms
203.24.102.56,443,0.0.0.0,SG,Singapore,官方,64 ms
203.24.102.161,443,0.0.0.0,SG,Singapore,官方,97 ms
203.32.121.86,443,0.0.0.0,SG,Singapore,官方,221 ms
203.34.28.225,443,0.0.0.0,SG,Singapore,官方,50 ms
203.24.102.231,443,0.0.0.0,SG,Singapore,官方,85 ms
203.32.121.142,443,0.0.0.0,SG,Singapore,官方,147 ms
203.55.107.198,443,0.0.0.0,SG,Singapore,官方,66 ms
203.34.80.70,443,0.0.0.0,SG,Singapore,官方,134 ms
203.55.107.1,443,0.0.0.0,SG,Singapore,官方,294 ms
203.29.52.69,443,0.0.0.0,SG,Singapore,官方,142 ms
203.32.121.209,443,0.0.0.0,SG,Singapore,官方,317 ms
203.55.107.205,443,0.0.0.0,SG,Singapore,官方,77 ms
203.34.80.143,443,0.0.0.0,SG,Singapore,官方,168 ms
203.32.120.211,443,0.0.0.0,SG,Singapore,官方,81 ms
203.24.102.234,443,0.0.0.0,SG,Singapore,官方,147 ms
203.29.52.216,443,0.0.0.0,SG,Singapore,官方,122 ms
203.24.103.143,443,0.0.0.0,SG,Singapore,官方,22 ms
203.29.52.27,443,0.0.0.0,SG,Singapore,官方,89 ms
203.32.121.78,443,0.0.0.0,SG,Singapore,官方,39 ms
203.34.28.235,443,0.0.0.0,SG,Singapore,官方,57 ms
203.34.80.244,443,0.0.0.0,SG,Singapore,官方,231 ms
203.32.121.49,443,0.0.0.0,SG,Singapore,官方,149 ms
203.55.107.193,443,0.0.0.0,SG,Singapore,官方,136 ms
203.55.107.246,443,0.0.0.0,SG,Singapore,官方,93 ms
203.34.28.0,443,0.0.0.0,SG,Singapore,官方,225 ms
203.34.28.77,443,0.0.0.0,SG,Singapore,官方,218 ms
203.24.103.72,443,0.0.0.0,SG,Singapore,官方,123 ms
203.32.121.166,443,0.0.0.0,SG,Singapore,官方,178 ms
203.32.120.203,443,0.0.0.0,SG,Singapore,官方,40 ms
203.24.102.18,443,0.0.0.0,SG,Singapore,官方,78 ms
203.29.52.19,443,0.0.0.0,SG,Singapore,官方,278 ms
203.24.102.44,443,0.0.0.0,SG,Singapore,官方,305 ms
203.34.28.152,443,0.0.0.0,SG,Singapore,官方,140 ms
203.34.28.57,443,0.0.0.0,SG,Singapore,官方,169 ms
203.55.107.40,443,0.0.0.0,SG,Singapore,官方,78 ms
203.29.52.187,443,0.0.0.0,SG,Singapore,官方,105 ms
203.29.52.4,443,0.0.0.0,SG,Singapore,官方,316 ms
203.32.121.47,443,0.0.0.0,SG,Singapore,官方,95 ms
203.29.52.203,443,0.0.0.0,SG,Singapore,官方,101 ms
203.34.80.69,443,0.0.0.0,SG,Singapore,官方,251 ms
203.34.80.93,443,0.0.0.0,SG,Singapore,官方,77 ms
203.29.52.59,443,0.0.0.0,SG,Singapore,官方,70 ms
203.34.28.72,443,0.0.0.0,SG,Singapore,官方,84 ms
203.55.107.171,443,0.0.0.0,SG,Singapore,官方,184 ms
203.55.107.179,443,0.0.0.0,SG,Singapore,官方,115 ms
203.34.80.117,443,0.0.0.0,SG,Singapore,官方,30 ms
203.34.80.126,443,0.0.0.0,SG,Singapore,官方,42 ms
203.29.52.23,443,0.0.0.0,SG,Singapore,官方,164 ms
203.55.107.201,443,0.0.0.0,SG,Singapore,官方,23 ms
203.24.102.85,443,0.0.0.0,SG,Singapore,官方,58 ms
203.34.28.120,443,0.0.0.0,SG,Singapore,官方,218 ms
203.55.107.197,443,0.0.0.0,SG,Singapore,官方,108 ms
203.34.28.4,443,0.0.0.0,SG,Singapore,官方,183 ms
203.24.102.63,443,0.0.0.0,SG,Singapore,官方,15 ms
203.55.107.243,443,0.0.0.0,SG,Singapore,官方,35 ms
203.32.121.0,443,0.0.0.0,SG,Singapore,官方,194 ms
203.55.107.143,443,0.0.0.0,SG,Singapore,官方,130 ms
203.32.120.119,443,0.0.0.0,SG,Singapore,官方,23 ms
203.32.121.154,443,0.0.0.0,SG,Singapore,官方,213 ms
203.34.80.109,443,0.0.0.0,SG,Singapore,官方,31 ms
203.34.28.227,443,0.0.0.0,SG,Singapore,官方,67 ms
203.32.120.186,443,0.0.0.0,SG,Singapore,官方,51 ms
203.24.103.12,443,0.0.0.0,SG,Singapore,官方,58 ms
203.29.52.131,443,0.0.0.0,SG,Singapore,官方,225 ms
203.32.121.60,443,0.0.0.0,SG,Singapore,官方,241 ms
203.24.103.20,443,0.0.0.0,SG,Singapore,官方,50 ms
203.32.120.239,443,0.0.0.0,SG,Singapore,官方,17 ms
203.32.121.199,443,0.0.0.0,SG,Singapore,官方,7 ms
203.29.52.230,443,0.0.0.0,SG,Singapore,官方,46 ms
203.34.28.46,443,0.0.0.0,SG,Singapore,官方,391 ms
203.34.28.38,443,0.0.0.0,SG,Singapore,官方,138 ms
203.24.102.251,443,0.0.0.0,SG,Singapore,官方,126 ms
203.34.28.237,443,0.0.0.0,SG,Singapore,官方,25 ms
203.55.107.27,443,0.0.0.0,SG,Singapore,官方,289 ms
203.55.107.78,443,0.0.0.0,SG,Singapore,官方,52 ms
203.32.121.59,443,0.0.0.0,SG,Singapore,官方,138 ms
203.34.80.209,443,0.0.0.0,SG,Singapore,官方,95 ms
203.34.28.104,443,0.0.0.0,SG,Singapore,官方,340 ms
203.34.80.184,443,0.0.0.0,SG,Singapore,官方,239 ms
203.55.107.69,443,0.0.0.0,SG,Singapore,官方,244 ms
203.55.107.73,443,0.0.0.0,SG,Singapore,官方,175 ms
203.24.103.61,443,0.0.0.0,SG,Singapore,官方,31 ms
203.32.121.87,443,0.0.0.0,SG,Singapore,官方,76 ms
203.34.80.59,443,0.0.0.0,SG,Singapore,官方,85 ms
203.55.107.43,443,0.0.0.0,SG,Singapore,官方,208 ms
203.34.80.43,443,0.0.0.0,SG,Singapore,官方,233 ms
203.24.102.211,443,0.0.0.0,SG,Singapore,官方,134 ms
203.34.80.220,443,0.0.0.0,SG,Singapore,官方,207 ms
203.24.102.246,443,0.0.0.0,SG,Singapore,官方,27 ms
203.55.107.10,443,0.0.0.0,SG,Singapore,官方,195 ms
203.32.120.212,443,0.0.0.0,SG,Singapore,官方,199 ms
203.29.52.120,443,0.0.0.0,SG,Singapore,官方,150 ms
203.32.121.137,443,0.0.0.0,SG,Singapore,官方,250 ms
203.55.107.36,443,0.0.0.0,SG,Singapore,官方,360 ms
203.55.107.209,443,0.0.0.0,SG,Singapore,官方,328 ms
203.29.52.97,443,0.0.0.0,SG,Singapore,官方,189 ms
203.34.28.248,443,0.0.0.0,SG,Singapore,官方,183 ms
203.29.52.48,443,0.0.0.0,SG,Singapore,官方,31 ms
203.32.120.11,443,0.0.0.0,SG,Singapore,官方,16 ms
203.32.121.89,443,0.0.0.0,SG,Singapore,官方,255 ms
203.34.28.8,443,0.0.0.0,SG,Singapore,官方,156 ms
203.55.107.137,443,0.0.0.0,SG,Singapore,官方,204 ms
203.24.102.117,443,0.0.0.0,SG,Singapore,官方,64 ms
203.24.102.61,443,0.0.0.0,SG,Singapore,官方,187 ms
203.55.107.60,443,0.0.0.0,SG,Singapore,官方,149 ms
203.24.102.32,443,0.0.0.0,SG,Singapore,官方,176 ms
203.24.103.197,443,0.0.0.0,SG,Singapore,官方,159 ms
203.29.52.127,443,0.0.0.0,SG,Singapore,官方,225 ms
203.24.102.192,443,0.0.0.0,SG,Singapore,官方,80 ms
203.34.28.69,443,0.0.0.0,SG,Singapore,官方,46 ms
203.29.52.202,443,0.0.0.0,SG,Singapore,官方,264 ms
203.32.121.155,443,0.0.0.0,SG,Singapore,官方,108 ms
203.55.107.117,443,0.0.0.0,SG,Singapore,官方,183 ms
203.29.52.62,443,0.0.0.0,SG,Singapore,官方,186 ms
203.29.52.42,443,0.0.0.0,SG,Singapore,官方,143 ms
203.32.120.43,443,0.0.0.0,SG,Singapore,官方,225 ms
203.24.103.206,443,0.0.0.0,SG,Singapore,官方,75 ms
203.55.107.170,443,0.0.0.0,SG,Singapore,官方,129 ms
203.24.102.189,443,0.0.0.0,SG,Singapore,官方,70 ms
203.34.28.151,443,0.0.0.0,SG,Singapore,官方,205 ms
203.55.107.183,443,0.0.0.0,SG,Singapore,官方,217 ms
203.32.120.46,443,0.0.0.0,SG,Singapore,官方,113 ms
203.34.28.87,443,0.0.0.0,SG,Singapore,官方,40 ms
203.24.103.199,443,0.0.0.0,SG,Singapore,官方,246 ms
203.24.102.255,443,0.0.0.0,SG,Singapore,官方,179 ms
203.32.121.176,443,0.0.0.0,SG,Singapore,官方,8 ms
203.32.120.163,443,0.0.0.0,SG,Singapore,官方,214 ms
203.24.103.177,443,0.0.0.0,SG,Singapore,官方,116 ms
203.32.121.43,443,0.0.0.0,SG,Singapore,官方,123 ms
203.55.107.106,443,0.0.0.0,SG,Singapore,官方,72 ms
203.24.103.137,443,0.0.0.0,SG,Singapore,官方,152 ms
203.55.107.151,443,0.0.0.0,SG,Singapore,官方,185 ms
203.24.102.79,443,0.0.0.0,SG,Singapore,官方,26 ms
203.24.102.27,443,0.0.0.0,SG,Singapore,官方,204 ms
203.55.107.139,443,0.0.0.0,SG,Singapore,官方,65 ms
203.55.107.38,443,0.0.0.0,SG,Singapore,官方,155 ms
203.34.80.118,443,0.0.0.0,SG,Singapore,官方,184 ms
203.29.52.74,443,0.0.0.0,SG,Singapore,官方,191 ms
203.34.80.173,443,0.0.0.0,SG,Singapore,官方,153 ms
203.29.52.239,443,0.0.0.0,SG,Singapore,官方,210 ms
203.24.102.208,443,0.0.0.0,SG,Singapore,官方,227 ms
203.32.120.250,443,0.0.0.0,SG,Singapore,官方,252 ms
203.34.28.204,443,0.0.0.0,SG,Singapore,官方,54 ms
203.34.80.25,443,0.0.0.0,SG,Singapore,官方,87 ms
203.34.80.224,443,0.0.0.0,SG,Singapore,官方,224 ms
203.24.102.204,443,0.0.0.0,SG,Singapore,官方,66 ms
203.32.121.147,443,0.0.0.0,SG,Singapore,官方,21 ms
203.32.120.187,443,0.0.0.0,SG,Singapore,官方,80 ms
203.32.121.214,443,0.0.0.0,SG,Singapore,官方,280 ms
203.29.52.65,443,0.0.0.0,SG,Singapore,官方,16 ms
203.34.80.219,443,0.0.0.0,SG,Singapore,官方,225 ms
203.24.103.186,443,0.0.0.0,SG,Singapore,官方,45 ms
203.24.102.15,443,0.0.0.0,SG,Singapore,官方,49 ms
203.55.107.196,443,0.0.0.0,SG,Singapore,官方,73 ms
203.24.103.78,443,0.0.0.0,SG,Singapore,官方,293 ms
203.24.102.67,443,0.0.0.0,SG,Singapore,官方,14 ms
203.34.28.112,443,0.0.0.0,SG,Singapore,官方,248 ms
203.32.121.219,443,0.0.0.0,SG,Singapore,官方,251 ms
203.32.121.167,443,0.0.0.0,SG,Singapore,官方,46 ms
203.34.80.31,443,0.0.0.0,SG,Singapore,官方,47 ms
203.32.121.241,443,0.0.0.0,SG,Singapore,官方,18 ms
203.24.103.7,443,0.0.0.0,SG,Singapore,官方,131 ms
203.32.121.226,443,0.0.0.0,SG,Singapore,官方,54 ms
203.24.102.119,443,0.0.0.0,SG,Singapore,官方,186 ms
203.32.120.185,443,0.0.0.0,SG,Singapore,官方,73 ms
203.29.52.217,443,0.0.0.0,SG,Singapore,官方,166 ms
203.24.103.181,443,0.0.0.0,SG,Singapore,官方,91 ms
203.24.103.37,443,0.0.0.0,SG,Singapore,官方,67 ms
203.34.28.230,443,0.0.0.0,SG,Singapore,官方,248 ms
203.55.107.104,443,0.0.0.0,SG,Singapore,官方,224 ms
203.32.121.38,443,0.0.0.0,SG,Singapore,官方,83 ms
203.32.120.38,443,0.0.0.0,SG,Singapore,官方,133 ms
203.34.80.229,443,0.0.0.0,SG,Singapore,官方,39 ms
203.24.103.171,443,0.0.0.0,SG,Singapore,官方,77 ms
203.32.121.242,443,0.0.0.0,SG,Singapore,官方,8 ms
203.29.52.193,443,0.0.0.0,SG,Singapore,官方,106 ms
203.32.120.29,443,0.0.0.0,SG,Singapore,官方,74 ms
203.24.102.73,443,0.0.0.0,SG,Singapore,官方,106 ms
203.32.121.159,443,0.0.0.0,SG,Singapore,官方,33 ms
203.32.120.27,443,0.0.0.0,SG,Singapore,官方,181 ms
203.34.80.73,443,0.0.0.0,SG,Singapore,官方,168 ms
203.34.28.109,443,0.0.0.0,SG,Singapore,官方,18 ms
203.55.107.15,443,0.0.0.0,SG,Singapore,官方,185 ms
203.32.120.249,443,0.0.0.0,SG,Singapore,官方,156 ms
203.24.103.215,443,0.0.0.0,SG,Singapore,官方,200 ms
203.34.80.167,443,0.0.0.0,SG,Singapore,官方,38 ms
203.24.102.29,443,0.0.0.0,SG,Singapore,官方,136 ms
203.24.102.21,443,0.0.0.0,SG,Singapore,官方,124 ms
203.29.52.182,443,0.0.0.0,SG,Singapore,官方,24 ms
203.24.103.100,443,0.0.0.0,SG,Singapore,官方,124 ms
203.32.121.232,443,0.0.0.0,SG,Singapore,官方,12 ms
203.32.121.146,443,0.0.0.0,SG,Singapore,官方,172 ms
203.24.103.229,443,0.0.0.0,SG,Singapore,官方,145 ms
203.34.80.181,443,0.0.0.0,SG,Singapore,官方,152 ms
203.32.120.253,443,0.0.0.0,SG,Singapore,官方,241 ms
203.34.80.65,443,0.0.0.0,SG,Singapore,官方,246 ms
203.32.121.122,443,0.0.0.0,SG,Singapore,官方,277 ms
203.34.28.122,443,0.0.0.0,SG,Singapore,官方,53 ms
203.55.107.41,443,0.0.0.0,SG,Singapore,官方,30 ms
203.24.103.98,443,0.0.0.0,SG,Singapore,官方,173 ms
203.24.102.196,443,0.0.0.0,SG,Singapore,官方,88 ms
203.32.120.82,443,0.0.0.0,SG,Singapore,官方,188 ms
203.32.120.246,443,0.0.0.0,SG,Singapore,官方,28 ms
203.55.107.158,443,0.0.0.0,SG,Singapore,官方,50 ms
203.24.103.82,443,0.0.0.0,SG,Singapore,官方,83 ms
203.34.80.166,443,0.0.0.0,SG,Singapore,官方,70 ms
203.24.102.57,443,0.0.0.0,SG,Singapore,官方,315 ms
203.34.80.61,443,0.0.0.0,SG,Singapore,官方,61 ms
203.34.28.97,443,0.0.0.0,SG,Singapore,官方,77 ms
203.24.102.38,443,0.0.0.0,SG,Singapore,官方,163 ms
203.32.121.17,443,0.0.0.0,SG,Singapore,官方,100 ms
203.24.102.163,443,0.0.0.0,SG,Singapore,官方,230 ms
203.32.120.15,443,0.0.0.0,SG,Singapore,官方,179 ms
203.32.120.188,443,0.0.0.0,SG,Singapore,官方,202 ms
203.34.80.140,443,0.0.0.0,SG,Singapore,官方,129 ms
203.34.80.57,443,0.0.0.0,SG,Singapore,官方,86 ms
203.32.121.70,443,0.0.0.0,SG,Singapore,官方,183 ms
203.32.120.28,443,0.0.0.0,SG,Singapore,官方,176 ms
203.24.102.148,443,0.0.0.0,SG,Singapore,官方,142 ms
203.24.102.159,443,0.0.0.0,SG,Singapore,官方,125 ms
203.34.80.120,443,0.0.0.0,SG,Singapore,官方,80 ms
203.29.52.141,443,0.0.0.0,SG,Singapore,官方,168 ms
203.32.120.22,443,0.0.0.0,SG,Singapore,官方,305 ms
203.32.121.248,443,0.0.0.0,SG,Singapore,官方,11 ms
203.34.28.26,443,0.0.0.0,SG,Singapore,官方,172 ms
203.34.28.64,443,0.0.0.0,SG,Singapore,官方,188 ms
203.32.121.23,443,0.0.0.0,SG,Singapore,官方,25 ms
203.24.103.174,443,0.0.0.0,SG,Singapore,官方,24 ms
203.34.28.88,443,0.0.0.0,SG,Singapore,官方,161 ms
203.32.120.162,443,0.0.0.0,SG,Singapore,官方,161 ms
203.34.80.6,443,0.0.0.0,SG,Singapore,官方,123 ms
203.32.120.39,443,0.0.0.0,SG,Singapore,官方,18 ms
203.34.28.110,443,0.0.0.0,SG,Singapore,官方,220 ms
203.32.120.17,443,0.0.0.0,SG,Singapore,官方,51 ms
203.55.107.118,443,0.0.0.0,SG,Singapore,官方,106 ms
203.55.107.92,443,0.0.0.0,SG,Singapore,官方,95 ms
203.32.121.94,443,0.0.0.0,SG,Singapore,官方,147 ms
203.34.28.21,443,0.0.0.0,SG,Singapore,官方,191 ms
203.29.52.80,443,0.0.0.0,SG,Singapore,官方,32 ms
203.55.107.112,443,0.0.0.0,SG,Singapore,官方,155 ms
203.34.28.176,443,0.0.0.0,SG,Singapore,官方,70 ms
203.55.107.120,443,0.0.0.0,SG,Singapore,官方,325 ms
203.24.103.67,443,0.0.0.0,SG,Singapore,官方,128 ms
203.34.80.225,443,0.0.0.0,SG,Singapore,官方,87 ms
203.32.121.30,443,0.0.0.0,SG,Singapore,官方,168 ms
203.34.80.186,443,0.0.0.0,SG,Singapore,官方,133 ms
203.55.107.35,443,0.0.0.0,SG,Singapore,官方,39 ms
203.24.103.185,443,0.0.0.0,SG,Singapore,官方,63 ms
203.24.102.23,443,0.0.0.0,SG,Singapore,官方,183 ms
203.55.107.226,443,0.0.0.0,SG,Singapore,官方,185 ms
203.34.28.105,443,0.0.0.0,SG,Singapore,官方,326 ms
203.24.102.110,443,0.0.0.0,SG,Singapore,官方,109 ms
203.55.107.31,443,0.0.0.0,SG,Singapore,官方,292 ms
203.24.102.126,443,0.0.0.0,SG,Singapore,官方,206 ms
203.32.121.249,443,0.0.0.0,SG,Singapore,官方,17 ms
203.24.102.242,443,0.0.0.0,SG,Singapore,官方,265 ms
203.55.107.64,443,0.0.0.0,SG,Singapore,官方,1 ms
203.29.52.52,443,0.0.0.0,SG,Singapore,官方,223 ms
203.24.102.120,443,0.0.0.0,SG,Singapore,官方,138 ms
203.29.52.35,443,0.0.0.0,SG,Singapore,官方,131 ms
203.55.107.0,443,0.0.0.0,SG,Singapore,官方,155 ms
203.24.102.1,443,0.0.0.0,SG,Singapore,官方,193 ms
203.29.52.221,443,0.0.0.0,SG,Singapore,官方,18 ms
203.24.103.151,443,0.0.0.0,SG,Singapore,官方,40 ms
203.34.28.74,443,0.0.0.0,SG,Singapore,官方,213 ms
203.29.52.222,443,0.0.0.0,SG,Singapore,官方,173 ms
203.24.102.31,443,0.0.0.0,SG,Singapore,官方,69 ms
203.32.120.240,443,0.0.0.0,SG,Singapore,官方,37 ms
203.32.121.13,443,0.0.0.0,SG,Singapore,官方,79 ms
203.24.103.194,443,0.0.0.0,SG,Singapore,官方,120 ms
203.32.121.18,443,0.0.0.0,SG,Singapore,官方,207 ms
203.55.107.129,443,0.0.0.0,SG,Singapore,官方,305 ms
203.34.80.91,443,0.0.0.0,SG,Singapore,官方,108 ms
203.34.80.92,443,0.0.0.0,SG,Singapore,官方,71 ms
203.24.103.159,443,0.0.0.0,SG,Singapore,官方,136 ms
203.29.52.3,443,0.0.0.0,SG,Singapore,官方,22 ms
203.34.28.89,443,0.0.0.0,SG,Singapore,官方,91 ms
203.32.121.207,443,0.0.0.0,SG,Singapore,官方,162 ms
203.34.80.15,443,0.0.0.0,SG,Singapore,官方,61 ms
203.24.102.102,443,0.0.0.0,SG,Singapore,官方,128 ms
203.32.121.125,443,0.0.0.0,SG,Singapore,官方,25 ms
203.24.102.139,443,0.0.0.0,SG,Singapore,官方,173 ms
203.34.80.37,443,0.0.0.0,SG,Singapore,官方,169 ms
203.34.80.175,443,0.0.0.0,SG,Singapore,官方,26 ms
203.55.107.90,443,0.0.0.0,SG,Singapore,官方,17 ms
203.34.80.113,443,0.0.0.0,SG,Singapore,官方,37 ms
203.32.120.134,443,0.0.0.0,SG,Singapore,官方,29 ms
203.24.102.96,443,0.0.0.0,SG,Singapore,官方,150 ms
203.32.120.171,443,0.0.0.0,SG,Singapore,官方,50 ms
203.29.52.253,443,0.0.0.0,SG,Singapore,官方,58 ms
203.24.102.243,443,0.0.0.0,SG,Singapore,官方,139 ms
203.34.80.68,443,0.0.0.0,SG,Singapore,官方,32 ms
203.55.107.4,443,0.0.0.0,SG,Singapore,官方,55 ms
203.24.102.132,443,0.0.0.0,SG,Singapore,官方,99 ms
203.32.121.246,443,0.0.0.0,SG,Singapore,官方,128 ms
203.24.102.181,443,0.0.0.0,SG,Singapore,官方,260 ms
203.55.107.84,443,0.0.0.0,SG,Singapore,官方,84 ms
203.24.103.191,443,0.0.0.0,SG,Singapore,官方,90 ms
203.34.80.176,443,0.0.0.0,SG,Singapore,官方,212 ms
203.24.102.118,443,0.0.0.0,SG,Singapore,官方,166 ms
203.32.121.41,443,0.0.0.0,SG,Singapore,官方,247 ms
203.34.28.115,443,0.0.0.0,SG,Singapore,官方,28 ms
203.32.120.133,443,0.0.0.0,SG,Singapore,官方,90 ms
203.32.121.196,443,0.0.0.0,SG,Singapore,官方,211 ms
203.34.80.77,443,0.0.0.0,SG,Singapore,官方,122 ms
203.24.102.147,443,0.0.0.0,SG,Singapore,官方,40 ms
203.24.103.198,443,0.0.0.0,SG,Singapore,官方,187 ms
203.32.120.37,443,0.0.0.0,SG,Singapore,官方,204 ms
203.34.28.45,443,0.0.0.0,SG,Singapore,官方,60 ms
203.34.28.211,443,0.0.0.0,SG,Singapore,官方,175 ms
203.24.102.236,443,0.0.0.0,SG,Singapore,官方,111 ms
203.34.28.131,443,0.0.0.0,SG,Singapore,官方,185 ms
203.24.103.203,443,0.0.0.0,SG,Singapore,官方,29 ms
203.24.103.204,443,0.0.0.0,SG,Singapore,官方,118 ms
203.32.120.236,443,0.0.0.0,SG,Singapore,官方,75 ms
203.34.28.209,443,0.0.0.0,SG,Singapore,官方,10 ms
203.24.103.97,443,0.0.0.0,SG,Singapore,官方,7 ms
203.32.120.8,443,0.0.0.0,SG,Singapore,官方,242 ms
203.29.52.7,443,0.0.0.0,SG,Singapore,官方,28 ms
203.24.103.167,443,0.0.0.0,SG,Singapore,官方,117 ms
203.24.102.8,443,0.0.0.0,SG,Singapore,官方,149 ms
203.24.102.121,443,0.0.0.0,SG,Singapore,官方,26 ms
203.29.52.235,443,0.0.0.0,SG,Singapore,官方,167 ms
203.32.120.146,443,0.0.0.0,SG,Singapore,官方,220 ms
203.55.107.204,443,0.0.0.0,SG,Singapore,官方,43 ms
203.29.52.192,443,0.0.0.0,SG,Singapore,官方,80 ms
203.24.103.103,443,0.0.0.0,SG,Singapore,官方,11 ms
203.55.107.207,443,0.0.0.0,SG,Singapore,官方,186 ms
203.24.103.0,443,0.0.0.0,SG,Singapore,官方,299 ms
203.34.28.253,443,0.0.0.0,SG,Singapore,官方,208 ms
203.24.103.148,443,0.0.0.0,SG,Singapore,官方,188 ms
203.55.107.122,443,0.0.0.0,SG,Singapore,官方,222 ms
203.24.103.110,443,0.0.0.0,SG,Singapore,官方,143 ms
203.32.120.136,443,0.0.0.0,SG,Singapore,官方,146 ms
203.32.121.48,443,0.0.0.0,SG,Singapore,官方,89 ms
203.24.102.191,443,0.0.0.0,SG,Singapore,官方,237 ms
203.24.102.136,443,0.0.0.0,SG,Singapore,官方,160 ms
203.55.107.116,443,0.0.0.0,SG,Singapore,官方,13 ms
203.29.52.194,443,0.0.0.0,SG,Singapore,官方,65 ms
203.32.120.205,443,0.0.0.0,SG,Singapore,官方,92 ms
203.34.80.203,443,0.0.0.0,SG,Singapore,官方,120 ms
203.29.52.243,443,0.0.0.0,SG,Singapore,官方,228 ms
203.34.80.183,443,0.0.0.0,SG,Singapore,官方,102 ms
203.34.28.67,443,0.0.0.0,SG,Singapore,官方,122 ms
203.24.103.252,443,0.0.0.0,SG,Singapore,官方,107 ms
203.24.102.2,443,0.0.0.0,SG,Singapore,官方,168 ms
203.55.107.184,443,0.0.0.0,SG,Singapore,官方,195 ms
203.29.52.100,443,0.0.0.0,SG,Singapore,官方,129 ms
203.55.107.228,443,0.0.0.0,SG,Singapore,官方,238 ms
203.34.28.243,443,0.0.0.0,SG,Singapore,官方,249 ms
203.24.102.34,443,0.0.0.0,SG,Singapore,官方,148 ms
203.29.52.83,443,0.0.0.0,SG,Singapore,官方,52 ms
203.24.103.142,443,0.0.0.0,SG,Singapore,官方,71 ms
203.29.52.172,443,0.0.0.0,SG,Singapore,官方,191 ms
203.34.28.208,443,0.0.0.0,SG,Singapore,官方,172 ms
203.24.102.212,443,0.0.0.0,SG,Singapore,官方,257 ms
203.32.120.238,443,0.0.0.0,SG,Singapore,官方,118 ms
203.24.103.217,443,0.0.0.0,SG,Singapore,官方,69 ms
203.34.28.182,443,0.0.0.0,SG,Singapore,官方,144 ms
203.32.120.191,443,0.0.0.0,SG,Singapore,官方,29 ms
203.32.120.1,443,0.0.0.0,SG,Singapore,官方,113 ms
203.29.52.198,443,0.0.0.0,SG,Singapore,官方,188 ms
203.24.103.55,443,0.0.0.0,SG,Singapore,官方,168 ms
203.34.28.55,443,0.0.0.0,SG,Singapore,官方,157 ms
203.24.103.251,443,0.0.0.0,SG,Singapore,官方,17 ms
203.32.120.213,443,0.0.0.0,SG,Singapore,官方,106 ms
203.24.103.38,443,0.0.0.0,SG,Singapore,官方,267 ms
203.24.103.59,443,0.0.0.0,SG,Singapore,官方,86 ms
203.24.103.180,443,0.0.0.0,SG,Singapore,官方,188 ms
203.55.107.154,443,0.0.0.0,SG,Singapore,官方,135 ms
203.34.28.190,443,0.0.0.0,SG,Singapore,官方,146 ms
203.24.102.69,443,0.0.0.0,SG,Singapore,官方,199 ms
203.34.28.231,443,0.0.0.0,SG,Singapore,官方,46 ms
203.24.102.157,443,0.0.0.0,SG,Singapore,官方,28 ms
203.24.102.233,443,0.0.0.0,SG,Singapore,官方,36 ms
203.32.121.177,443,0.0.0.0,SG,Singapore,官方,169 ms
203.24.102.238,443,0.0.0.0,SG,Singapore,官方,188 ms
203.29.52.67,443,0.0.0.0,SG,Singapore,官方,196 ms
203.29.52.46,443,0.0.0.0,SG,Singapore,官方,225 ms
203.32.121.140,443,0.0.0.0,SG,Singapore,官方,4 ms
203.34.80.62,443,0.0.0.0,SG,Singapore,官方,349 ms
203.29.52.231,443,0.0.0.0,SG,Singapore,官方,191 ms
203.29.52.0,443,0.0.0.0,SG,Singapore,官方,132 ms
203.32.120.181,443,0.0.0.0,SG,Singapore,官方,84 ms
203.32.120.19,443,0.0.0.0,SG,Singapore,官方,184 ms
203.29.52.12,443,0.0.0.0,SG,Singapore,官方,189 ms
203.32.120.14,443,0.0.0.0,SG,Singapore,官方,277 ms
203.24.103.220,443,0.0.0.0,SG,Singapore,官方,169 ms
203.55.107.7,443,0.0.0.0,SG,Singapore,官方,19 ms
203.24.102.22,443,0.0.0.0,SG,Singapore,官方,91 ms
203.34.28.135,443,0.0.0.0,SG,Singapore,官方,181 ms
203.34.28.242,443,0.0.0.0,SG,Singapore,官方,95 ms
203.55.107.221,443,0.0.0.0,SG,Singapore,官方,62 ms
203.34.80.96,443,0.0.0.0,SG,Singapore,官方,197 ms
203.34.28.61,443,0.0.0.0,SG,Singapore,官方,54 ms
203.55.107.140,443,0.0.0.0,SG,Singapore,官方,117 ms
203.32.120.235,443,0.0.0.0,SG,Singapore,官方,95 ms
203.55.107.12,443,0.0.0.0,SG,Singapore,官方,264 ms
203.24.103.221,443,0.0.0.0,SG,Singapore,官方,17 ms
203.55.107.56,443,0.0.0.0,SG,Singapore,官方,110 ms
203.29.52.126,443,0.0.0.0,SG,Singapore,官方,169 ms
203.34.80.170,443,0.0.0.0,SG,Singapore,官方,229 ms
203.24.102.146,443,0.0.0.0,SG,Singapore,官方,22 ms
203.55.107.213,443,0.0.0.0,SG,Singapore,官方,3 ms
203.32.120.218,443,0.0.0.0,SG,Singapore,官方,167 ms
203.32.120.13,443,0.0.0.0,SG,Singapore,官方,211 ms
203.29.52.163,443,0.0.0.0,SG,Singapore,官方,205 ms
203.24.103.144,443,0.0.0.0,SG,Singapore,官方,246 ms
203.32.121.251,443,0.0.0.0,SG,Singapore,官方,259 ms
203.32.121.4,443,0.0.0.0,SG,Singapore,官方,81 ms
203.34.28.194,443,0.0.0.0,SG,Singapore,官方,242 ms
203.29.52.76,443,0.0.0.0,SG,Singapore,官方,170 ms
203.24.103.237,443,0.0.0.0,SG,Singapore,官方,215 ms
203.24.102.40,443,0.0.0.0,SG,Singapore,官方,177 ms
203.29.52.246,443,0.0.0.0,SG,Singapore,官方,95 ms
203.29.52.71,443,0.0.0.0,SG,Singapore,官方,118 ms
203.34.80.22,443,0.0.0.0,SG,Singapore,官方,19 ms
203.24.102.104,443,0.0.0.0,SG,Singapore,官方,71 ms
203.32.120.3,443,0.0.0.0,SG,Singapore,官方,82 ms
203.32.120.104,443,0.0.0.0,SG,Singapore,官方,14 ms
203.29.52.219,443,0.0.0.0,SG,Singapore,官方,84 ms
203.32.121.233,443,0.0.0.0,SG,Singapore,官方,179 ms
203.32.121.149,443,0.0.0.0,SG,Singapore,官方,66 ms
203.32.120.68,443,0.0.0.0,SG,Singapore,官方,154 ms
203.55.107.45,443,0.0.0.0,SG,Singapore,官方,113 ms
203.32.121.208,443,0.0.0.0,SG,Singapore,官方,243 ms
203.34.80.215,443,0.0.0.0,SG,Singapore,官方,158 ms
203.32.120.221,443,0.0.0.0,SG,Singapore,官方,108 ms
203.29.52.70,443,0.0.0.0,SG,Singapore,官方,122 ms
203.24.102.201,443,0.0.0.0,SG,Singapore,官方,167 ms
203.55.107.181,443,0.0.0.0,SG,Singapore,官方,87 ms
203.34.28.117,443,0.0.0.0,SG,Singapore,官方,224 ms
203.24.103.32,443,0.0.0.0,SG,Singapore,官方,198 ms
203.32.120.94,443,0.0.0.0,SG,Singapore,官方,7 ms
203.55.107.8,443,0.0.0.0,SG,Singapore,官方,16 ms
203.29.52.155,443,0.0.0.0,SG,Singapore,官方,169 ms
203.55.107.114,443,0.0.0.0,SG,Singapore,官方,147 ms
203.55.107.63,443,0.0.0.0,SG,Singapore,官方,192 ms
203.24.103.160,443,0.0.0.0,SG,Singapore,官方,135 ms
203.24.102.232,443,0.0.0.0,SG,Singapore,官方,233 ms
203.24.103.202,443,0.0.0.0,SG,Singapore,官方,198 ms
203.34.80.159,443,0.0.0.0,SG,Singapore,官方,240 ms
203.24.103.131,443,0.0.0.0,SG,Singapore,官方,167 ms
203.29.52.99,443,0.0.0.0,SG,Singapore,官方,201 ms
203.24.102.171,443,0.0.0.0,SG,Singapore,官方,150 ms
203.55.107.254,443,0.0.0.0,SG,Singapore,官方,153 ms
203.24.103.236,443,0.0.0.0,SG,Singapore,官方,171 ms
203.29.52.125,443,0.0.0.0,SG,Singapore,官方,12 ms
203.24.103.3,443,0.0.0.0,SG,Singapore,官方,63 ms
203.32.121.254,443,0.0.0.0,SG,Singapore,官方,188 ms
203.24.102.20,443,0.0.0.0,SG,Singapore,官方,113 ms
203.34.80.249,443,0.0.0.0,SG,Singapore,官方,139 ms
203.34.28.221,443,0.0.0.0,SG,Singapore,官方,137 ms
203.32.120.120,443,0.0.0.0,SG,Singapore,官方,92 ms
203.24.103.87,443,0.0.0.0,SG,Singapore,官方,104 ms
203.34.80.110,443,0.0.0.0,SG,Singapore,官方,112 ms
203.24.103.232,443,0.0.0.0,SG,Singapore,官方,183 ms
203.24.102.77,443,0.0.0.0,SG,Singapore,官方,70 ms
203.34.28.54,443,0.0.0.0,SG,Singapore,官方,179 ms
203.24.102.68,443,0.0.0.0,SG,Singapore,官方,44 ms
203.55.107.135,443,0.0.0.0,SG,Singapore,官方,156 ms
203.34.28.16,443,0.0.0.0,SG,Singapore,官方,213 ms
203.34.28.203,443,0.0.0.0,SG,Singapore,官方,249 ms
203.24.103.126,443,0.0.0.0,SG,Singapore,官方,157 ms
203.24.102.143,443,0.0.0.0,SG,Singapore,官方,122 ms
203.34.28.43,443,0.0.0.0,SG,Singapore,官方,196 ms
203.34.80.252,443,0.0.0.0,SG,Singapore,官方,221 ms
203.32.121.190,443,0.0.0.0,SG,Singapore,官方,80 ms
203.29.52.208,443,0.0.0.0,SG,Singapore,官方,22 ms
203.55.107.128,443,0.0.0.0,SG,Singapore,官方,180 ms
203.34.28.78,443,0.0.0.0,SG,Singapore,官方,122 ms
203.32.120.245,443,0.0.0.0,SG,Singapore,官方,288 ms
203.24.102.112,443,0.0.0.0,SG,Singapore,官方,192 ms
203.34.28.111,443,0.0.0.0,SG,Singapore,官方,303 ms
203.34.80.202,443,0.0.0.0,SG,Singapore,官方,92 ms
203.55.107.162,443,0.0.0.0,SG,Singapore,官方,265 ms
203.32.121.127,443,0.0.0.0,SG,Singapore,官方,183 ms
203.24.102.137,443,0.0.0.0,SG,Singapore,官方,56 ms
203.24.102.82,443,0.0.0.0,SG,Singapore,官方,142 ms
203.24.103.62,443,0.0.0.0,SG,Singapore,官方,81 ms
203.55.107.173,443,0.0.0.0,SG,Singapore,官方,44 ms
203.32.121.221,443,0.0.0.0,SG,Singapore,官方,134 ms
203.55.107.125,443,0.0.0.0,SG,Singapore,官方,61 ms
203.29.52.61,443,0.0.0.0,SG,Singapore,官方,17 ms
203.24.103.153,443,0.0.0.0,SG,Singapore,官方,166 ms
203.32.120.129,443,0.0.0.0,SG,Singapore,官方,102 ms
203.34.28.250,443,0.0.0.0,SG,Singapore,官方,113 ms
203.34.28.123,443,0.0.0.0,SG,Singapore,官方,234 ms
203.24.103.65,443,0.0.0.0,SG,Singapore,官方,6 ms
203.34.28.20,443,0.0.0.0,SG,Singapore,官方,91 ms
203.34.28.53,443,0.0.0.0,SG,Singapore,官方,174 ms
203.24.102.252,443,0.0.0.0,SG,Singapore,官方,59 ms
203.32.121.98,443,0.0.0.0,SG,Singapore,官方,84 ms
203.34.80.41,443,0.0.0.0,SG,Singapore,官方,179 ms
203.55.107.149,443,0.0.0.0,SG,Singapore,官方,67 ms
203.32.120.142,443,0.0.0.0,SG,Singapore,官方,235 ms
203.29.52.94,443,0.0.0.0,SG,Singapore,官方,224 ms
203.34.28.241,443,0.0.0.0,SG,Singapore,官方,164 ms
203.32.120.52,443,0.0.0.0,SG,Singapore,官方,168 ms
203.32.120.100,443,0.0.0.0,SG,Singapore,官方,159 ms
203.29.52.88,443,0.0.0.0,SG,Singapore,官方,116 ms
203.32.121.148,443,0.0.0.0,SG,Singapore,官方,199 ms
203.34.80.210,443,0.0.0.0,SG,Singapore,官方,304 ms
203.34.28.41,443,0.0.0.0,SG,Singapore,官方,218 ms
203.55.107.17,443,0.0.0.0,SG,Singapore,官方,49 ms
203.34.80.40,443,0.0.0.0,SG,Singapore,官方,103 ms
203.32.121.107,443,0.0.0.0,SG,Singapore,官方,58 ms
203.24.103.43,443,0.0.0.0,SG,Singapore,官方,207 ms
203.32.120.102,443,0.0.0.0,SG,Singapore,官方,93 ms
203.24.103.73,443,0.0.0.0,SG,Singapore,官方,165 ms
203.34.80.253,443,0.0.0.0,SG,Singapore,官方,182 ms
203.29.52.63,443,0.0.0.0,SG,Singapore,官方,94 ms
203.34.28.11,443,0.0.0.0,SG,Singapore,官方,194 ms
203.55.107.70,443,0.0.0.0,SG,Singapore,官方,261 ms
203.55.107.194,443,0.0.0.0,SG,Singapore,官方,95 ms
203.32.120.184,443,0.0.0.0,SG,Singapore,官方,78 ms
203.32.121.10,443,0.0.0.0,SG,Singapore,官方,305 ms
203.24.102.130,443,0.0.0.0,SG,Singapore,官方,172 ms
203.34.28.24,443,0.0.0.0,SG,Singapore,官方,17 ms
203.32.121.45,443,0.0.0.0,SG,Singapore,官方,142 ms
203.34.28.126,443,0.0.0.0,SG,Singapore,官方,98 ms
203.32.121.129,443,0.0.0.0,SG,Singapore,官方,15 ms
203.32.121.29,443,0.0.0.0,SG,Singapore,官方,118 ms
203.34.80.236,443,0.0.0.0,SG,Singapore,官方,178 ms
203.29.52.181,443,0.0.0.0,SG,Singapore,官方,164 ms
203.34.80.42,443,0.0.0.0,SG,Singapore,官方,73 ms
203.55.107.190,443,0.0.0.0,SG,Singapore,官方,251 ms
203.55.107.95,443,0.0.0.0,SG,Singapore,官方,12 ms
203.34.28.136,443,0.0.0.0,SG,Singapore,官方,61 ms
203.34.28.108,443,0.0.0.0,SG,Singapore,官方,106 ms
203.32.120.87,443,0.0.0.0,SG,Singapore,官方,93 ms
203.32.120.117,443,0.0.0.0,SG,Singapore,官方,254 ms
203.32.120.88,443,0.0.0.0,SG,Singapore,官方,127 ms
203.24.103.254,443,0.0.0.0,SG,Singapore,官方,274 ms
203.32.120.96,443,0.0.0.0,SG,Singapore,官方,74 ms
203.34.80.53,443,0.0.0.0,SG,Singapore,官方,127 ms
203.24.102.17,443,0.0.0.0,SG,Singapore,官方,42 ms
203.34.28.172,443,0.0.0.0,SG,Singapore,官方,65 ms
203.24.103.63,443,0.0.0.0,SG,Singapore,官方,26 ms
203.24.102.87,443,0.0.0.0,SG,Singapore,官方,152 ms
203.29.52.51,443,0.0.0.0,SG,Singapore,官方,130 ms
203.55.107.186,443,0.0.0.0,SG,Singapore,官方,162 ms
203.32.120.76,443,0.0.0.0,SG,Singapore,官方,117 ms
203.34.80.128,443,0.0.0.0,SG,Singapore,官方,173 ms
203.32.121.183,443,0.0.0.0,SG,Singapore,官方,202 ms
203.24.103.24,443,0.0.0.0,SG,Singapore,官方,70 ms
203.29.52.249,443,0.0.0.0,SG,Singapore,官方,250 ms
203.34.80.138,443,0.0.0.0,SG,Singapore,官方,106 ms
203.24.102.165,443,0.0.0.0,SG,Singapore,官方,169 ms
203.34.28.236,443,0.0.0.0,SG,Singapore,官方,108 ms
203.29.52.168,443,0.0.0.0,SG,Singapore,官方,137 ms
203.24.103.40,443,0.0.0.0,SG,Singapore,官方,144 ms
203.34.28.220,443,0.0.0.0,SG,Singapore,官方,94 ms
203.24.102.175,443,0.0.0.0,SG,Singapore,官方,146 ms
203.55.107.220,443,0.0.0.0,SG,Singapore,官方,109 ms
203.34.28.158,443,0.0.0.0,SG,Singapore,官方,60 ms
203.34.80.75,443,0.0.0.0,SG,Singapore,官方,24 ms
203.32.120.6,443,0.0.0.0,SG,Singapore,官方,36 ms
203.24.102.199,443,0.0.0.0,SG,Singapore,官方,117 ms
203.32.120.157,443,0.0.0.0,SG,Singapore,官方,76 ms
203.34.28.22,443,0.0.0.0,SG,Singapore,官方,148 ms
203.32.120.135,443,0.0.0.0,SG,Singapore,官方,112 ms
203.24.103.230,443,0.0.0.0,SG,Singapore,官方,69 ms
203.29.52.57,443,0.0.0.0,SG,Singapore,官方,128 ms
203.32.120.78,443,0.0.0.0,SG,Singapore,官方,193 ms
203.24.102.134,443,0.0.0.0,SG,Singapore,官方,105 ms
203.34.80.150,443,0.0.0.0,SG,Singapore,官方,95 ms
203.34.28.81,443,0.0.0.0,SG,Singapore,官方,145 ms
203.32.120.130,443,0.0.0.0,SG,Singapore,官方,27 ms
203.55.107.51,443,0.0.0.0,SG,Singapore,官方,113 ms
203.24.102.235,443,0.0.0.0,SG,Singapore,官方,106 ms
203.32.121.100,443,0.0.0.0,SG,Singapore,官方,32 ms
203.34.28.239,443,0.0.0.0,SG,Singapore,官方,106 ms
203.29.52.81,443,0.0.0.0,SG,Singapore,官方,191 ms
203.32.120.143,443,0.0.0.0,SG,Singapore,官方,54 ms
203.32.120.224,443,0.0.0.0,SG,Singapore,官方,32 ms
203.29.52.5,443,0.0.0.0,SG,Singapore,官方,120 ms
203.32.121.189,443,0.0.0.0,SG,Singapore,官方,227 ms
203.24.102.151,443,0.0.0.0,SG,Singapore,官方,185 ms
203.34.28.215,443,0.0.0.0,SG,Singapore,官方,175 ms
203.29.52.128,443,0.0.0.0,SG,Singapore,官方,87 ms
203.32.120.196,443,0.0.0.0,SG,Singapore,官方,119 ms
203.32.121.236,443,0.0.0.0,SG,Singapore,官方,77 ms
203.29.52.180,443,0.0.0.0,SG,Singapore,官方,176 ms
203.24.102.81,443,0.0.0.0,SG,Singapore,官方,300 ms
203.29.52.201,443,0.0.0.0,SG,Singapore,官方,37 ms
203.34.80.149,443,0.0.0.0,SG,Singapore,官方,161 ms
203.29.52.147,443,0.0.0.0,SG,Singapore,官方,156 ms
203.24.103.15,443,0.0.0.0,SG,Singapore,官方,293 ms
203.32.120.174,443,0.0.0.0,SG,Singapore,官方,165 ms
203.34.28.147,443,0.0.0.0,SG,Singapore,官方,19 ms
203.32.121.115,443,0.0.0.0,SG,Singapore,官方,170 ms
203.29.52.78,443,0.0.0.0,SG,Singapore,官方,158 ms
203.24.102.247,443,0.0.0.0,SG,Singapore,官方,192 ms
203.32.121.220,443,0.0.0.0,SG,Singapore,官方,163 ms
203.34.80.231,443,0.0.0.0,SG,Singapore,官方,100 ms
203.34.28.106,443,0.0.0.0,SG,Singapore,官方,333 ms
203.55.107.244,443,0.0.0.0,SG,Singapore,官方,184 ms
203.24.103.133,443,0.0.0.0,SG,Singapore,官方,281 ms
203.32.121.182,443,0.0.0.0,SG,Singapore,官方,193 ms
203.29.52.55,443,0.0.0.0,SG,Singapore,官方,51 ms
203.32.120.222,443,0.0.0.0,SG,Singapore,官方,32 ms
203.24.102.158,443,0.0.0.0,SG,Singapore,官方,198 ms
203.24.102.115,443,0.0.0.0,SG,Singapore,官方,227 ms
203.34.80.197,443,0.0.0.0,SG,Singapore,官方,165 ms
203.34.80.152,443,0.0.0.0,SG,Singapore,官方,172 ms
203.29.52.145,443,0.0.0.0,SG,Singapore,官方,78 ms
203.24.102.129,443,0.0.0.0,SG,Singapore,官方,178 ms
203.34.80.108,443,0.0.0.0,SG,Singapore,官方,192 ms
203.32.121.130,443,0.0.0.0,SG,Singapore,官方,173 ms
203.24.103.235,443,0.0.0.0,SG,Singapore,官方,175 ms
203.32.120.116,443,0.0.0.0,SG,Singapore,官方,107 ms
203.32.121.244,443,0.0.0.0,SG,Singapore,官方,17 ms
203.34.28.157,443,0.0.0.0,SG,Singapore,官方,240 ms
203.24.102.186,443,0.0.0.0,SG,Singapore,官方,185 ms
203.55.107.166,443,0.0.0.0,SG,Singapore,官方,217 ms
203.29.52.248,443,0.0.0.0,SG,Singapore,官方,80 ms
203.34.28.150,443,0.0.0.0,SG,Singapore,官方,79 ms
203.24.103.173,443,0.0.0.0,SG,Singapore,官方,127 ms
203.32.121.97,443,0.0.0.0,SG,Singapore,官方,43 ms
203.29.52.158,443,0.0.0.0,SG,Singapore,官方,201 ms
203.24.102.221,443,0.0.0.0,SG,Singapore,官方,92 ms
203.32.121.117,443,0.0.0.0,SG,Singapore,官方,195 ms
203.24.103.164,443,0.0.0.0,SG,Singapore,官方,121 ms
203.24.103.57,443,0.0.0.0,SG,Singapore,官方,7 ms
203.32.121.69,443,0.0.0.0,SG,Singapore,官方,185 ms
203.24.103.124,443,0.0.0.0,SG,Singapore,官方,19 ms
203.34.80.87,443,0.0.0.0,SG,Singapore,官方,210 ms
203.55.107.131,443,0.0.0.0,SG,Singapore,官方,177 ms
203.24.103.227,443,0.0.0.0,SG,Singapore,官方,71 ms
203.32.121.136,443,0.0.0.0,SG,Singapore,官方,304 ms
203.34.28.119,443,0.0.0.0,SG,Singapore,官方,86 ms
203.55.107.127,443,0.0.0.0,SG,Singapore,官方,88 ms
203.34.80.168,443,0.0.0.0,SG,Singapore,官方,143 ms
203.29.52.129,443,0.0.0.0,SG,Singapore,官方,176 ms
203.34.80.151,443,0.0.0.0,SG,Singapore,官方,25 ms
203.29.52.68,443,0.0.0.0,SG,Singapore,官方,166 ms
203.34.28.234,443,0.0.0.0,SG,Singapore,官方,77 ms
203.24.103.125,443,0.0.0.0,SG,Singapore,官方,25 ms
203.24.102.180,443,0.0.0.0,SG,Singapore,官方,125 ms
203.34.80.78,443,0.0.0.0,SG,Singapore,官方,112 ms
203.34.28.213,443,0.0.0.0,SG,Singapore,官方,174 ms
203.24.103.188,443,0.0.0.0,SG,Singapore,官方,34 ms
203.34.80.230,443,0.0.0.0,SG,Singapore,官方,134 ms
203.24.102.205,443,0.0.0.0,SG,Singapore,官方,173 ms
203.55.107.111,443,0.0.0.0,SG,Singapore,官方,116 ms
203.55.107.37,443,0.0.0.0,SG,Singapore,官方,56 ms
203.32.121.131,443,0.0.0.0,SG,Singapore,官方,26 ms
203.29.52.199,443,0.0.0.0,SG,Singapore,官方,112 ms
203.24.103.60,443,0.0.0.0,SG,Singapore,官方,127 ms
203.55.107.53,443,0.0.0.0,SG,Singapore,官方,149 ms
203.32.120.197,443,0.0.0.0,SG,Singapore,官方,62 ms
203.24.102.26,443,0.0.0.0,SG,Singapore,官方,222 ms
203.34.28.94,443,0.0.0.0,SG,Singapore,官方,280 ms
203.32.120.70,443,0.0.0.0,SG,Singapore,官方,227 ms
203.34.28.27,443,0.0.0.0,SG,Singapore,官方,148 ms
203.24.102.124,443,0.0.0.0,SG,Singapore,官方,12 ms
203.29.52.113,443,0.0.0.0,SG,Singapore,官方,65 ms
203.29.52.135,443,0.0.0.0,SG,Singapore,官方,302 ms
203.24.102.116,443,0.0.0.0,SG,Singapore,官方,32 ms
203.34.28.251,443,0.0.0.0,SG,Singapore,官方,114 ms
203.32.121.39,443,0.0.0.0,SG,Singapore,官方,177 ms
203.55.107.81,443,0.0.0.0,SG,Singapore,官方,131 ms
203.34.80.9,443,0.0.0.0,SG,Singapore,官方,21 ms
203.24.102.6,443,0.0.0.0,SG,Singapore,官方,8 ms
203.34.80.214,443,0.0.0.0,SG,Singapore,官方,241 ms
203.32.120.106,443,0.0.0.0,SG,Singapore,官方,193 ms
203.55.107.126,443,0.0.0.0,SG,Singapore,官方,26 ms
203.32.120.57,443,0.0.0.0,SG,Singapore,官方,190 ms
203.24.102.4,443,0.0.0.0,SG,Singapore,官方,88 ms
203.34.80.36,443,0.0.0.0,SG,Singapore,官方,117 ms
203.29.52.228,443,0.0.0.0,SG,Singapore,官方,21 ms
203.29.52.91,443,0.0.0.0,SG,Singapore,官方,242 ms
203.32.120.179,443,0.0.0.0,SG,Singapore,官方,101 ms
203.32.121.200,443,0.0.0.0,SG,Singapore,官方,21 ms
203.34.80.237,443,0.0.0.0,SG,Singapore,官方,72 ms
203.24.102.216,443,0.0.0.0,SG,Singapore,官方,236 ms
203.24.103.121,443,0.0.0.0,SG,Singapore,官方,16 ms
203.24.102.219,443,0.0.0.0,SG,Singapore,官方,4 ms
203.24.102.222,443,0.0.0.0,SG,Singapore,官方,82 ms
203.24.102.182,443,0.0.0.0,SG,Singapore,官方,298 ms
203.34.28.28,443,0.0.0.0,SG,Singapore,官方,179 ms
203.29.52.245,443,0.0.0.0,SG,Singapore,官方,122 ms
203.34.80.207,443,0.0.0.0,SG,Singapore,官方,248 ms
203.34.80.192,443,0.0.0.0,SG,Singapore,官方,57 ms
203.24.102.125,443,0.0.0.0,SG,Singapore,官方,77 ms
203.32.121.57,443,0.0.0.0,SG,Singapore,官方,221 ms
203.32.121.5,443,0.0.0.0,SG,Singapore,官方,34 ms
203.24.102.30,443,0.0.0.0,SG,Singapore,官方,85 ms
203.34.28.63,443,0.0.0.0,SG,Singapore,官方,175 ms
203.24.103.190,443,0.0.0.0,SG,Singapore,官方,169 ms
203.24.103.83,443,0.0.0.0,SG,Singapore,官方,144 ms
203.29.52.96,443,0.0.0.0,SG,Singapore,官方,203 ms
203.32.121.210,443,0.0.0.0,SG,Singapore,官方,110 ms
203.29.52.189,443,0.0.0.0,SG,Singapore,官方,85 ms
203.34.80.1,443,0.0.0.0,SG,Singapore,官方,91 ms
203.32.120.73,443,0.0.0.0,SG,Singapore,官方,179 ms
203.29.52.2,443,0.0.0.0,SG,Singapore,官方,19 ms
203.34.80.239,443,0.0.0.0,SG,Singapore,官方,93 ms
203.34.28.142,443,0.0.0.0,SG,Singapore,官方,159 ms
203.29.52.195,443,0.0.0.0,SG,Singapore,官方,65 ms
203.34.28.125,443,0.0.0.0,SG,Singapore,官方,240 ms
203.34.28.73,443,0.0.0.0,SG,Singapore,官方,88 ms
203.32.121.55,443,0.0.0.0,SG,Singapore,官方,124 ms
203.32.121.225,443,0.0.0.0,SG,Singapore,官方,56 ms
203.29.52.110,443,0.0.0.0,SG,Singapore,官方,188 ms
203.55.107.203,443,0.0.0.0,SG,Singapore,官方,48 ms
203.32.121.106,443,0.0.0.0,SG,Singapore,官方,221 ms
203.34.80.111,443,0.0.0.0,SG,Singapore,官方,119 ms
203.32.120.79,443,0.0.0.0,SG,Singapore,官方,172 ms
203.34.80.179,443,0.0.0.0,SG,Singapore,官方,75 ms
203.55.107.185,443,0.0.0.0,SG,Singapore,官方,44 ms
203.34.28.40,443,0.0.0.0,SG,Singapore,官方,308 ms
203.24.102.145,443,0.0.0.0,SG,Singapore,官方,1 ms
203.34.80.163,443,0.0.0.0,SG,Singapore,官方,217 ms
203.32.120.165,443,0.0.0.0,SG,Singapore,官方,116 ms
203.32.121.34,443,0.0.0.0,SG,Singapore,官方,211 ms
203.24.103.182,443,0.0.0.0,SG,Singapore,官方,169 ms
203.32.121.193,443,0.0.0.0,SG,Singapore,官方,10 ms
203.24.102.106,443,0.0.0.0,SG,Singapore,官方,82 ms
203.32.120.161,443,0.0.0.0,SG,Singapore,官方,39 ms
203.24.103.104,443,0.0.0.0,SG,Singapore,官方,13 ms
203.24.103.240,443,0.0.0.0,SG,Singapore,官方,8 ms
203.32.120.9,443,0.0.0.0,SG,Singapore,官方,163 ms
203.29.52.66,443,0.0.0.0,SG,Singapore,官方,109 ms
203.29.52.77,443,0.0.0.0,SG,Singapore,官方,185 ms
203.34.80.156,443,0.0.0.0,SG,Singapore,官方,74 ms
203.55.107.252,443,0.0.0.0,SG,Singapore,官方,118 ms
203.24.102.215,443,0.0.0.0,SG,Singapore,官方,231 ms
203.34.28.62,443,0.0.0.0,SG,Singapore,官方,106 ms
203.29.52.139,443,0.0.0.0,SG,Singapore,官方,132 ms
203.34.80.248,443,0.0.0.0,SG,Singapore,官方,201 ms
203.29.52.162,443,0.0.0.0,SG,Singapore,官方,19 ms
203.32.120.251,443,0.0.0.0,SG,Singapore,官方,276 ms
203.32.120.220,443,0.0.0.0,SG,Singapore,官方,22 ms
203.34.80.116,443,0.0.0.0,SG,Singapore,官方,124 ms
203.32.120.69,443,0.0.0.0,SG,Singapore,官方,171 ms
203.34.80.38,443,0.0.0.0,SG,Singapore,官方,21 ms
203.29.52.234,443,0.0.0.0,SG,Singapore,官方,104 ms
203.34.28.5,443,0.0.0.0,SG,Singapore,官方,14 ms
203.34.28.247,443,0.0.0.0,SG,Singapore,官方,63 ms
203.32.120.36,443,0.0.0.0,SG,Singapore,官方,201 ms
203.32.120.147,443,0.0.0.0,SG,Singapore,官方,35 ms
203.34.28.160,443,0.0.0.0,SG,Singapore,官方,185 ms
203.55.107.217,443,0.0.0.0,SG,Singapore,官方,231 ms
203.24.102.135,443,0.0.0.0,SG,Singapore,官方,104 ms
203.29.52.117,443,0.0.0.0,SG,Singapore,官方,49 ms
203.24.102.98,443,0.0.0.0,SG,Singapore,官方,82 ms
203.34.28.118,443,0.0.0.0,SG,Singapore,官方,130 ms
203.29.52.13,443,0.0.0.0,SG,Singapore,官方,158 ms
203.29.52.82,443,0.0.0.0,SG,Singapore,官方,223 ms
203.55.107.225,443,0.0.0.0,SG,Singapore,官方,86 ms
203.32.120.140,443,0.0.0.0,SG,Singapore,官方,298 ms
203.34.28.206,443,0.0.0.0,SG,Singapore,官方,128 ms
203.55.107.39,443,0.0.0.0,SG,Singapore,官方,222 ms
203.32.121.253,443,0.0.0.0,SG,Singapore,官方,123 ms
203.29.52.138,443,0.0.0.0,SG,Singapore,官方,141 ms
203.55.107.83,443,0.0.0.0,SG,Singapore,官方,40 ms
203.34.28.171,443,0.0.0.0,SG,Singapore,官方,94 ms
203.32.121.81,443,0.0.0.0,SG,Singapore,官方,68 ms
203.32.120.5,443,0.0.0.0,SG,Singapore,官方,86 ms
203.24.103.94,443,0.0.0.0,SG,Singapore,官方,77 ms
203.34.28.25,443,0.0.0.0,SG,Singapore,官方,252 ms
203.24.103.179,443,0.0.0.0,SG,Singapore,官方,108 ms
203.29.52.75,443,0.0.0.0,SG,Singapore,官方,122 ms
203.32.120.20,443,0.0.0.0,SG,Singapore,官方,142 ms
203.24.103.45,443,0.0.0.0,SG,Singapore,官方,170 ms
203.29.52.238,443,0.0.0.0,SG,Singapore,官方,137 ms
203.34.28.15,443,0.0.0.0,SG,Singapore,官方,41 ms
203.32.121.135,443,0.0.0.0,SG,Singapore,官方,80 ms
203.32.121.139,443,0.0.0.0,SG,Singapore,官方,137 ms
203.55.107.50,443,0.0.0.0,SG,Singapore,官方,79 ms
203.24.102.75,443,0.0.0.0,SG,Singapore,官方,172 ms
203.34.80.85,443,0.0.0.0,SG,Singapore,官方,92 ms
203.24.102.9,443,0.0.0.0,SG,Singapore,官方,144 ms
203.34.28.228,443,0.0.0.0,SG,Singapore,官方,97 ms
203.32.120.21,443,0.0.0.0,SG,Singapore,官方,171 ms
203.34.80.182,443,0.0.0.0,SG,Singapore,官方,106 ms
203.24.102.70,443,0.0.0.0,SG,Singapore,官方,126 ms
203.24.103.165,443,0.0.0.0,SG,Singapore,官方,76 ms
203.24.102.224,443,0.0.0.0,SG,Singapore,官方,83 ms
203.34.28.113,443,0.0.0.0,SG,Singapore,官方,121 ms
203.55.107.87,443,0.0.0.0,SG,Singapore,官方,16 ms
203.32.121.99,443,0.0.0.0,SG,Singapore,官方,190 ms
203.34.80.28,443,0.0.0.0,SG,Singapore,官方,69 ms
203.32.121.36,443,0.0.0.0,SG,Singapore,官方,150 ms
203.24.103.162,443,0.0.0.0,SG,Singapore,官方,191 ms
203.24.103.10,443,0.0.0.0,SG,Singapore,官方,11 ms
203.34.28.76,443,0.0.0.0,SG,Singapore,官方,192 ms
203.24.103.14,443,0.0.0.0,SG,Singapore,官方,151 ms
203.29.52.86,443,0.0.0.0,SG,Singapore,官方,75 ms
203.29.52.227,443,0.0.0.0,SG,Singapore,官方,94 ms
203.34.80.79,443,0.0.0.0,SG,Singapore,官方,151 ms
203.34.80.227,443,0.0.0.0,SG,Singapore,官方,315 ms
203.29.52.98,443,0.0.0.0,SG,Singapore,官方,70 ms
203.34.28.180,443,0.0.0.0,SG,Singapore,官方,147 ms
203.24.102.52,443,0.0.0.0,SG,Singapore,官方,213 ms
203.32.121.112,443,0.0.0.0,SG,Singapore,官方,150 ms
203.24.103.109,443,0.0.0.0,SG,Singapore,官方,60 ms
203.29.52.153,443,0.0.0.0,SG,Singapore,官方,215 ms
203.32.121.229,443,0.0.0.0,SG,Singapore,官方,262 ms
203.34.28.181,443,0.0.0.0,SG,Singapore,官方,67 ms
203.29.52.151,443,0.0.0.0,SG,Singapore,官方,112 ms
203.34.28.102,443,0.0.0.0,SG,Singapore,官方,154 ms
203.55.107.130,443,0.0.0.0,SG,Singapore,官方,212 ms
203.24.102.168,443,0.0.0.0,SG,Singapore,官方,51 ms
203.29.52.254,443,0.0.0.0,SG,Singapore,官方,246 ms
203.34.80.247,443,0.0.0.0,SG,Singapore,官方,109 ms
203.24.102.153,443,0.0.0.0,SG,Singapore,官方,172 ms
203.34.28.92,443,0.0.0.0,SG,Singapore,官方,114 ms
203.24.103.8,443,0.0.0.0,SG,Singapore,官方,185 ms
203.55.107.210,443,0.0.0.0,SG,Singapore,官方,65 ms
203.34.80.238,443,0.0.0.0,SG,Singapore,官方,114 ms
203.24.103.241,443,0.0.0.0,SG,Singapore,官方,254 ms
203.29.52.218,443,0.0.0.0,SG,Singapore,官方,21 ms
203.24.103.210,443,0.0.0.0,SG,Singapore,官方,118 ms
203.24.102.62,443,0.0.0.0,SG,Singapore,官方,162 ms
203.55.107.232,443,0.0.0.0,SG,Singapore,官方,154 ms
203.24.102.36,443,0.0.0.0,SG,Singapore,官方,129 ms
203.24.103.21,443,0.0.0.0,SG,Singapore,官方,192 ms
203.29.52.50,443,0.0.0.0,SG,Singapore,官方,159 ms
203.55.107.235,443,0.0.0.0,SG,Singapore,官方,199 ms
203.29.52.152,443,0.0.0.0,SG,Singapore,官方,170 ms
203.32.120.234,443,0.0.0.0,SG,Singapore,官方,21 ms
203.32.120.60,443,0.0.0.0,SG,Singapore,官方,178 ms
203.32.120.63,443,0.0.0.0,SG,Singapore,官方,163 ms
203.34.28.186,443,0.0.0.0,SG,Singapore,官方,187 ms
203.32.120.91,443,0.0.0.0,SG,Singapore,官方,87 ms
203.24.103.135,443,0.0.0.0,SG,Singapore,官方,19 ms
203.24.103.106,443,0.0.0.0,SG,Singapore,官方,12 ms
203.32.121.110,443,0.0.0.0,SG,Singapore,官方,316 ms
203.29.52.244,443,0.0.0.0,SG,Singapore,官方,1 ms
203.34.28.201,443,0.0.0.0,SG,Singapore,官方,85 ms
203.32.120.164,443,0.0.0.0,SG,Singapore,官方,157 ms
203.34.80.107,443,0.0.0.0,SG,Singapore,官方,111 ms
203.34.80.180,443,0.0.0.0,SG,Singapore,官方,178 ms
203.34.80.13,443,0.0.0.0,SG,Singapore,官方,88 ms
203.24.102.90,443,0.0.0.0,SG,Singapore,官方,99 ms
203.34.80.153,443,0.0.0.0,SG,Singapore,官方,9 ms
203.55.107.175,443,0.0.0.0,SG,Singapore,官方,60 ms
203.24.103.168,443,0.0.0.0,SG,Singapore,官方,17 ms
203.34.80.240,443,0.0.0.0,SG,Singapore,官方,57 ms
203.29.52.150,443,0.0.0.0,SG,Singapore,官方,137 ms
203.32.121.213,443,0.0.0.0,SG,Singapore,官方,168 ms
203.32.121.194,443,0.0.0.0,SG,Singapore,官方,243 ms
203.24.103.211,443,0.0.0.0,SG,Singapore,官方,92 ms
203.55.107.21,443,0.0.0.0,SG,Singapore,官方,309 ms
203.24.102.39,443,0.0.0.0,SG,Singapore,官方,131 ms
203.24.103.1,443,0.0.0.0,SG,Singapore,官方,86 ms
203.32.121.7,443,0.0.0.0,SG,Singapore,官方,111 ms
203.24.103.107,443,0.0.0.0,SG,Singapore,官方,282 ms
203.32.120.65,443,0.0.0.0,SG,Singapore,官方,60 ms
203.29.52.229,443,0.0.0.0,SG,Singapore,官方,210 ms
203.32.120.177,443,0.0.0.0,SG,Singapore,官方,144 ms
203.24.102.244,443,0.0.0.0,SG,Singapore,官方,213 ms
203.24.102.47,443,0.0.0.0,SG,Singapore,官方,189 ms
203.32.120.169,443,0.0.0.0,SG,Singapore,官方,65 ms
203.29.52.107,443,0.0.0.0,SG,Singapore,官方,91 ms
203.34.80.213,443,0.0.0.0,SG,Singapore,官方,12 ms
203.24.103.158,443,0.0.0.0,SG,Singapore,官方,148 ms
203.32.120.173,443,0.0.0.0,SG,Singapore,官方,66 ms
203.24.102.170,443,0.0.0.0,SG,Singapore,官方,228 ms
203.24.103.6,443,0.0.0.0,SG,Singapore,官方,110 ms
203.34.80.190,443,0.0.0.0,SG,Singapore,官方,87 ms
203.32.120.44,443,0.0.0.0,SG,Singapore,官方,36 ms
203.24.102.218,443,0.0.0.0,SG,Singapore,官方,65 ms
203.32.121.77,443,0.0.0.0,SG,Singapore,官方,152 ms
203.32.121.180,443,0.0.0.0,SG,Singapore,官方,146 ms
203.34.80.201,443,0.0.0.0,SG,Singapore,官方,87 ms
203.55.107.134,443,0.0.0.0,SG,Singapore,官方,21 ms
203.29.52.179,443,0.0.0.0,SG,Singapore,官方,156 ms
203.32.120.255,443,0.0.0.0,SG,Singapore,官方,190 ms
203.34.80.50,443,0.0.0.0,SG,Singapore,官方,81 ms
203.32.121.195,443,0.0.0.0,SG,Singapore,官方,105 ms
203.29.52.211,443,0.0.0.0,SG,Singapore,官方,183 ms
203.24.102.154,443,0.0.0.0,SG,Singapore,官方,47 ms
203.24.103.178,443,0.0.0.0,SG,Singapore,官方,89 ms
203.34.28.195,443,0.0.0.0,SG,Singapore,官方,288 ms
203.32.120.77,443,0.0.0.0,SG,Singapore,官方,121 ms
203.24.103.214,443,0.0.0.0,SG,Singapore,官方,15 ms
203.34.28.153,443,0.0.0.0,SG,Singapore,官方,9 ms
203.55.107.89,443,0.0.0.0,SG,Singapore,官方,141 ms
203.24.103.157,443,0.0.0.0,SG,Singapore,官方,174 ms
203.32.120.7,443,0.0.0.0,SG,Singapore,官方,221 ms
203.32.121.157,443,0.0.0.0,SG,Singapore,官方,15 ms
203.34.28.137,443,0.0.0.0,SG,Singapore,官方,23 ms
203.32.120.97,443,0.0.0.0,SG,Singapore,官方,144 ms
203.34.28.80,443,0.0.0.0,SG,Singapore,官方,256 ms
203.32.120.45,443,0.0.0.0,SG,Singapore,官方,228 ms
203.24.102.217,443,0.0.0.0,SG,Singapore,官方,126 ms
203.32.120.155,443,0.0.0.0,SG,Singapore,官方,11 ms
203.32.121.1,443,0.0.0.0,SG,Singapore,官方,146 ms
203.24.102.142,443,0.0.0.0,SG,Singapore,官方,114 ms
203.29.52.85,443,0.0.0.0,SG,Singapore,官方,204 ms
203.24.103.145,443,0.0.0.0,SG,Singapore,官方,9 ms
203.32.120.47,443,0.0.0.0,SG,Singapore,官方,121 ms
203.24.103.117,443,0.0.0.0,SG,Singapore,官方,188 ms
203.34.80.72,443,0.0.0.0,SG,Singapore,官方,164 ms
203.24.103.86,443,0.0.0.0,SG,Singapore,官方,9 ms
203.55.107.54,443,0.0.0.0,SG,Singapore,官方,144 ms
203.32.121.84,443,0.0.0.0,SG,Singapore,官方,170 ms
203.29.52.204,443,0.0.0.0,SG,Singapore,官方,277 ms
203.34.80.144,443,0.0.0.0,SG,Singapore,官方,277 ms
203.32.121.202,443,0.0.0.0,SG,Singapore,官方,145 ms
203.34.80.250,443,0.0.0.0,SG,Singapore,官方,156 ms
203.24.103.91,443,0.0.0.0,SG,Singapore,官方,45 ms
203.29.52.33,443,0.0.0.0,SG,Singapore,官方,222 ms
203.29.52.252,443,0.0.0.0,SG,Singapore,官方,45 ms
203.32.120.225,443,0.0.0.0,SG,Singapore,官方,11 ms
203.29.52.29,443,0.0.0.0,SG,Singapore,官方,25 ms
203.34.28.246,443,0.0.0.0,SG,Singapore,官方,279 ms
203.29.52.123,443,0.0.0.0,SG,Singapore,官方,151 ms
203.55.107.123,443,0.0.0.0,SG,Singapore,官方,166 ms
203.24.103.189,443,0.0.0.0,SG,Singapore,官方,62 ms
203.32.120.61,443,0.0.0.0,SG,Singapore,官方,89 ms
203.32.120.53,443,0.0.0.0,SG,Singapore,官方,39 ms
203.29.52.178,443,0.0.0.0,SG,Singapore,官方,40 ms
203.24.103.118,443,0.0.0.0,SG,Singapore,官方,117 ms
203.32.121.121,443,0.0.0.0,SG,Singapore,官方,166 ms
203.55.107.24,443,0.0.0.0,SG,Singapore,官方,14 ms
203.32.120.80,443,0.0.0.0,SG,Singapore,官方,62 ms
203.34.80.39,443,0.0.0.0,SG,Singapore,官方,262 ms
203.34.80.132,443,0.0.0.0,SG,Singapore,官方,116 ms
203.55.107.44,443,0.0.0.0,SG,Singapore,官方,78 ms
203.34.80.223,443,0.0.0.0,SG,Singapore,官方,138 ms
203.32.120.2,443,0.0.0.0,SG,Singapore,官方,137 ms
203.32.121.82,443,0.0.0.0,SG,Singapore,官方,57 ms
203.24.102.183,443,0.0.0.0,SG,Singapore,官方,39 ms
203.24.103.105,443,0.0.0.0,SG,Singapore,官方,152 ms
203.32.121.33,443,0.0.0.0,SG,Singapore,官方,202 ms
203.29.52.95,443,0.0.0.0,SG,Singapore,官方,20 ms
203.29.52.45,443,0.0.0.0,SG,Singapore,官方,20 ms
203.55.107.3,443,0.0.0.0,SG,Singapore,官方,170 ms
203.55.107.163,443,0.0.0.0,SG,Singapore,官方,198 ms
203.29.52.173,443,0.0.0.0,SG,Singapore,官方,238 ms
203.55.107.132,443,0.0.0.0,SG,Singapore,官方,238 ms
203.34.28.146,443,0.0.0.0,SG,Singapore,官方,8 ms
203.34.28.240,443,0.0.0.0,SG,Singapore,官方,166 ms
203.24.102.184,443,0.0.0.0,SG,Singapore,官方,83 ms
203.32.121.6,443,0.0.0.0,SG,Singapore,官方,79 ms
203.24.103.183,443,0.0.0.0,SG,Singapore,官方,150 ms
203.24.102.193,443,0.0.0.0,SG,Singapore,官方,20 ms
203.32.121.102,443,0.0.0.0,SG,Singapore,官方,148 ms
203.24.103.95,443,0.0.0.0,SG,Singapore,官方,22 ms
203.34.28.14,443,0.0.0.0,SG,Singapore,官方,267 ms
203.24.103.81,443,0.0.0.0,SG,Singapore,官方,275 ms
203.34.28.79,443,0.0.0.0,SG,Singapore,官方,81 ms
203.32.120.232,443,0.0.0.0,SG,Singapore,官方,46 ms
203.34.80.21,443,0.0.0.0,SG,Singapore,官方,81 ms
203.34.80.83,443,0.0.0.0,SG,Singapore,官方,61 ms
203.34.80.23,443,0.0.0.0,SG,Singapore,官方,135 ms
203.32.121.25,443,0.0.0.0,SG,Singapore,官方,145 ms
203.55.107.58,443,0.0.0.0,SG,Singapore,官方,195 ms
203.34.28.143,443,0.0.0.0,SG,Singapore,官方,209 ms
203.34.28.199,443,0.0.0.0,SG,Singapore,官方,140 ms
203.34.80.66,443,0.0.0.0,SG,Singapore,官方,134 ms
203.32.121.170,443,0.0.0.0,SG,Singapore,官方,157 ms
203.24.102.239,443,0.0.0.0,SG,Singapore,官方,207 ms
203.29.52.43,443,0.0.0.0,SG,Singapore,官方,217 ms
203.34.28.13,443,0.0.0.0,SG,Singapore,官方,51 ms
203.29.52.30,443,0.0.0.0,SG,Singapore,官方,80 ms
203.29.52.84,443,0.0.0.0,SG,Singapore,官方,26 ms
203.55.107.32,443,0.0.0.0,SG,Singapore,官方,114 ms
203.34.28.124,443,0.0.0.0,SG,Singapore,官方,150 ms
203.34.80.16,443,0.0.0.0,SG,Singapore,官方,143 ms
203.24.103.28,443,0.0.0.0,SG,Singapore,官方,102 ms
203.34.80.104,443,0.0.0.0,SG,Singapore,官方,72 ms
203.29.52.250,443,0.0.0.0,SG,Singapore,官方,114 ms
203.24.102.172,443,0.0.0.0,SG,Singapore,官方,155 ms
203.32.121.118,443,0.0.0.0,SG,Singapore,官方,112 ms
203.34.28.174,443,0.0.0.0,SG,Singapore,官方,224 ms
203.32.120.195,443,0.0.0.0,SG,Singapore,官方,312 ms
203.29.52.241,443,0.0.0.0,SG,Singapore,官方,116 ms
203.32.121.31,443,0.0.0.0,SG,Singapore,官方,319 ms
203.55.107.62,443,0.0.0.0,SG,Singapore,官方,296 ms
203.34.28.161,443,0.0.0.0,SG,Singapore,官方,37 ms
203.24.103.44,443,0.0.0.0,SG,Singapore,官方,43 ms
203.29.52.177,443,0.0.0.0,SG,Singapore,官方,161 ms
203.34.28.149,443,0.0.0.0,SG,Singapore,官方,277 ms
203.34.80.45,443,0.0.0.0,SG,Singapore,官方,52 ms
203.32.121.161,443,0.0.0.0,SG,Singapore,官方,195 ms
203.34.28.12,443,0.0.0.0,SG,Singapore,官方,257 ms
203.24.103.50,443,0.0.0.0,SG,Singapore,官方,90 ms
203.34.80.245,443,0.0.0.0,SG,Singapore,官方,180 ms
203.32.120.85,443,0.0.0.0,SG,Singapore,官方,59 ms
203.24.103.47,443,0.0.0.0,SG,Singapore,官方,63 ms
203.32.120.138,443,0.0.0.0,SG,Singapore,官方,247 ms
203.55.107.33,443,0.0.0.0,SG,Singapore,官方,300 ms
203.29.52.167,443,0.0.0.0,SG,Singapore,官方,147 ms
203.32.121.124,443,0.0.0.0,SG,Singapore,官方,206 ms
203.24.102.114,443,0.0.0.0,SG,Singapore,官方,70 ms
203.55.107.76,443,0.0.0.0,SG,Singapore,官方,148 ms
203.32.120.198,443,0.0.0.0,SG,Singapore,官方,240 ms
203.32.121.14,443,0.0.0.0,SG,Singapore,官方,150 ms
203.34.80.129,443,0.0.0.0,SG,Singapore,官方,299 ms
203.55.107.195,443,0.0.0.0,SG,Singapore,官方,46 ms
203.32.121.212,443,0.0.0.0,SG,Singapore,官方,181 ms
203.34.80.67,443,0.0.0.0,SG,Singapore,官方,116 ms
203.29.52.220,443,0.0.0.0,SG,Singapore,官方,190 ms
203.55.107.26,443,0.0.0.0,SG,Singapore,官方,73 ms
203.34.80.174,443,0.0.0.0,SG,Singapore,官方,255 ms
203.32.121.151,443,0.0.0.0,SG,Singapore,官方,93 ms
203.34.80.20,443,0.0.0.0,SG,Singapore,官方,158 ms
203.34.28.177,443,0.0.0.0,SG,Singapore,官方,62 ms
203.34.80.200,443,0.0.0.0,SG,Singapore,官方,172 ms
203.24.102.93,443,0.0.0.0,SG,Singapore,官方,289 ms
203.32.121.126,443,0.0.0.0,SG,Singapore,官方,41 ms
203.32.120.128,443,0.0.0.0,SG,Singapore,官方,160 ms
203.29.52.39,443,0.0.0.0,SG,Singapore,官方,134 ms
203.55.107.46,443,0.0.0.0,SG,Singapore,官方,52 ms
203.24.102.167,443,0.0.0.0,SG,Singapore,官方,208 ms
203.34.80.71,443,0.0.0.0,SG,Singapore,官方,221 ms
203.34.28.244,443,0.0.0.0,SG,Singapore,官方,172 ms
203.32.120.137,443,0.0.0.0,SG,Singapore,官方,79 ms
203.55.107.249,443,0.0.0.0,SG,Singapore,官方,56 ms
203.24.103.119,443,0.0.0.0,SG,Singapore,官方,76 ms
203.55.107.169,443,0.0.0.0,SG,Singapore,官方,113 ms
203.24.103.122,443,0.0.0.0,SG,Singapore,官方,129 ms
203.29.52.54,443,0.0.0.0,SG,Singapore,官方,30 ms
203.32.121.116,443,0.0.0.0,SG,Singapore,官方,235 ms
203.34.28.214,443,0.0.0.0,SG,Singapore,官方,110 ms
203.32.120.156,443,0.0.0.0,SG,Singapore,官方,134 ms
203.32.120.214,443,0.0.0.0,SG,Singapore,官方,50 ms
203.32.121.186,443,0.0.0.0,SG,Singapore,官方,168 ms
203.32.121.67,443,0.0.0.0,SG,Singapore,官方,159 ms
203.32.121.37,443,0.0.0.0,SG,Singapore,官方,20 ms
203.24.102.3,443,0.0.0.0,SG,Singapore,官方,164 ms
203.24.103.239,443,0.0.0.0,SG,Singapore,官方,204 ms
203.32.121.104,443,0.0.0.0,SG,Singapore,官方,66 ms
203.34.28.162,443,0.0.0.0,SG,Singapore,官方,206 ms
203.32.120.84,443,0.0.0.0,SG,Singapore,官方,168 ms
203.34.28.44,443,0.0.0.0,SG,Singapore,官方,106 ms
203.55.107.161,443,0.0.0.0,SG,Singapore,官方,143 ms
203.55.107.138,443,0.0.0.0,SG,Singapore,官方,210 ms
203.24.103.228,443,0.0.0.0,SG,Singapore,官方,10 ms
203.34.80.5,443,0.0.0.0,SG,Singapore,官方,150 ms
203.34.80.194,443,0.0.0.0,SG,Singapore,官方,22 ms
203.32.121.111,443,0.0.0.0,SG,Singapore,官方,86 ms
203.32.121.168,443,0.0.0.0,SG,Singapore,官方,14 ms
203.32.120.110,443,0.0.0.0,SG,Singapore,官方,31 ms
203.29.52.161,443,0.0.0.0,SG,Singapore,官方,148 ms
203.32.120.247,443,0.0.0.0,SG,Singapore,官方,19 ms
203.55.107.242,443,0.0.0.0,SG,Singapore,官方,108 ms
203.34.80.158,443,0.0.0.0,SG,Singapore,官方,102 ms
203.34.28.10,443,0.0.0.0,SG,Singapore,官方,43 ms
203.24.102.10,443,0.0.0.0,SG,Singapore,官方,158 ms
203.32.121.218,443,0.0.0.0,SG,Singapore,官方,84 ms
203.32.120.23,443,0.0.0.0,SG,Singapore,官方,24 ms
203.24.102.59,443,0.0.0.0,SG,Singapore,官方,199 ms
203.34.80.94,443,0.0.0.0,SG,Singapore,官方,163 ms
203.24.103.219,443,0.0.0.0,SG,Singapore,官方,112 ms
203.32.120.67,443,0.0.0.0,SG,Singapore,官方,94 ms
203.32.120.98,443,0.0.0.0,SG,Singapore,官方,58 ms
203.24.103.69,443,0.0.0.0,SG,Singapore,官方,306 ms
203.32.120.75,443,0.0.0.0,SG,Singapore,官方,214 ms
203.32.121.42,443,0.0.0.0,SG,Singapore,官方,123 ms
203.24.103.27,443,0.0.0.0,SG,Singapore,官方,154 ms
203.34.28.173,443,0.0.0.0,SG,Singapore,官方,83 ms
203.55.107.66,443,0.0.0.0,SG,Singapore,官方,109 ms
203.55.107.136,443,0.0.0.0,SG,Singapore,官方,174 ms
203.55.107.172,443,0.0.0.0,SG,Singapore,官方,4 ms
203.24.102.89,443,0.0.0.0,SG,Singapore,官方,74 ms
203.32.120.168,443,0.0.0.0,SG,Singapore,官方,80 ms
203.24.102.103,443,0.0.0.0,SG,Singapore,官方,201 ms
203.34.80.195,443,0.0.0.0,SG,Singapore,官方,61 ms
203.34.80.204,443,0.0.0.0,SG,Singapore,官方,44 ms
203.34.28.134,443,0.0.0.0,SG,Singapore,官方,202 ms
203.34.80.123,443,0.0.0.0,SG,Singapore,官方,163 ms
203.29.52.206,443,0.0.0.0,SG,Singapore,官方,181 ms
203.24.103.48,443,0.0.0.0,SG,Singapore,官方,249 ms
203.55.107.223,443,0.0.0.0,SG,Singapore,官方,73 ms
203.29.52.149,443,0.0.0.0,SG,Singapore,官方,194 ms
203.34.80.139,443,0.0.0.0,SG,Singapore,官方,149 ms
203.24.102.33,443,0.0.0.0,SG,Singapore,官方,63 ms
203.32.120.105,443,0.0.0.0,SG,Singapore,官方,93 ms
203.55.107.146,443,0.0.0.0,SG,Singapore,官方,89 ms
203.29.52.146,443,0.0.0.0,SG,Singapore,官方,186 ms
203.29.52.124,443,0.0.0.0,SG,Singapore,官方,73 ms
203.24.103.146,443,0.0.0.0,SG,Singapore,官方,139 ms
203.24.102.198,443,0.0.0.0,SG,Singapore,官方,20 ms
203.34.80.199,443,0.0.0.0,SG,Singapore,官方,139 ms
203.24.102.249,443,0.0.0.0,SG,Singapore,官方,302 ms
203.34.80.212,443,0.0.0.0,SG,Singapore,官方,53 ms
203.24.102.100,443,0.0.0.0,SG,Singapore,官方,109 ms
203.29.52.105,443,0.0.0.0,SG,Singapore,官方,110 ms
203.32.120.32,443,0.0.0.0,SG,Singapore,官方,268 ms
203.29.52.122,443,0.0.0.0,SG,Singapore,官方,164 ms
203.32.121.165,443,0.0.0.0,SG,Singapore,官方,176 ms
203.32.120.189,443,0.0.0.0,SG,Singapore,官方,39 ms
203.24.103.56,443,0.0.0.0,SG,Singapore,官方,237 ms
203.29.52.89,443,0.0.0.0,SG,Singapore,官方,121 ms
203.32.120.172,443,0.0.0.0,SG,Singapore,官方,24 ms
203.24.102.210,443,0.0.0.0,SG,Singapore,官方,17 ms
203.24.102.227,443,0.0.0.0,SG,Singapore,官方,48 ms
203.24.102.241,443,0.0.0.0,SG,Singapore,官方,31 ms
203.55.107.100,443,0.0.0.0,SG,Singapore,官方,56 ms
203.34.80.133,443,0.0.0.0,SG,Singapore,官方,64 ms
203.32.120.58,443,0.0.0.0,SG,Singapore,官方,5 ms
203.34.28.60,443,0.0.0.0,SG,Singapore,官方,170 ms
203.32.121.158,443,0.0.0.0,SG,Singapore,官方,313 ms
203.24.102.72,443,0.0.0.0,SG,Singapore,官方,17 ms
203.32.121.184,443,0.0.0.0,SG,Singapore,官方,106 ms
203.24.103.114,443,0.0.0.0,SG,Singapore,官方,147 ms
203.29.52.41,443,0.0.0.0,SG,Singapore,官方,149 ms
203.29.52.169,443,0.0.0.0,SG,Singapore,官方,182 ms
203.34.80.235,443,0.0.0.0,SG,Singapore,官方,74 ms
203.29.52.134,443,0.0.0.0,SG,Singapore,官方,102 ms
203.34.80.198,443,0.0.0.0,SG,Singapore,官方,105 ms
203.34.28.58,443,0.0.0.0,SG,Singapore,官方,35 ms
203.34.28.184,443,0.0.0.0,SG,Singapore,官方,74 ms
203.29.52.87,443,0.0.0.0,SG,Singapore,官方,114 ms
203.34.28.189,443,0.0.0.0,SG,Singapore,官方,182 ms
203.24.103.39,443,0.0.0.0,SG,Singapore,官方,41 ms
203.29.52.20,443,0.0.0.0,SG,Singapore,官方,12 ms
203.34.80.88,443,0.0.0.0,SG,Singapore,官方,314 ms
203.24.103.84,443,0.0.0.0,SG,Singapore,官方,89 ms
203.32.121.247,443,0.0.0.0,SG,Singapore,官方,84 ms
203.34.80.97,443,0.0.0.0,SG,Singapore,官方,65 ms
203.29.52.72,443,0.0.0.0,SG,Singapore,官方,71 ms
203.32.121.252,443,0.0.0.0,SG,Singapore,官方,221 ms
203.55.107.74,443,0.0.0.0,SG,Singapore,官方,122 ms
203.29.52.200,443,0.0.0.0,SG,Singapore,官方,22 ms
203.34.28.100,443,0.0.0.0,SG,Singapore,官方,54 ms
203.32.120.16,443,0.0.0.0,SG,Singapore,官方,105 ms
203.24.103.247,443,0.0.0.0,SG,Singapore,官方,31 ms
203.32.121.156,443,0.0.0.0,SG,Singapore,官方,87 ms
203.34.80.103,443,0.0.0.0,SG,Singapore,官方,185 ms
203.32.120.183,443,0.0.0.0,SG,Singapore,官方,112 ms
203.55.107.119,443,0.0.0.0,SG,Singapore,官方,128 ms
203.29.52.209,443,0.0.0.0,SG,Singapore,官方,165 ms
203.24.102.150,443,0.0.0.0,SG,Singapore,官方,77 ms
203.55.107.105,443,0.0.0.0,SG,Singapore,官方,117 ms
203.24.103.212,443,0.0.0.0,SG,Singapore,官方,171 ms
203.29.52.16,443,0.0.0.0,SG,Singapore,官方,194 ms
203.34.28.52,443,0.0.0.0,SG,Singapore,官方,225 ms
203.55.107.14,443,0.0.0.0,SG,Singapore,官方,208 ms
203.32.121.143,443,0.0.0.0,SG,Singapore,官方,143 ms
203.24.103.54,443,0.0.0.0,SG,Singapore,官方,173 ms
203.32.121.201,443,0.0.0.0,SG,Singapore,官方,141 ms
203.24.103.242,443,0.0.0.0,SG,Singapore,官方,77 ms
203.24.103.172,443,0.0.0.0,SG,Singapore,官方,46 ms
203.32.121.237,443,0.0.0.0,SG,Singapore,官方,132 ms
203.32.120.35,443,0.0.0.0,SG,Singapore,官方,146 ms
203.32.120.118,443,0.0.0.0,SG,Singapore,官方,56 ms
203.34.28.212,443,0.0.0.0,SG,Singapore,官方,43 ms
203.34.28.128,443,0.0.0.0,SG,Singapore,官方,144 ms
203.55.107.99,443,0.0.0.0,SG,Singapore,官方,175 ms
203.32.121.174,443,0.0.0.0,SG,Singapore,官方,172 ms
203.24.103.205,443,0.0.0.0,SG,Singapore,官方,61 ms
203.24.103.17,443,0.0.0.0,SG,Singapore,官方,148 ms
203.24.103.244,443,0.0.0.0,SG,Singapore,官方,141 ms
203.24.102.140,443,0.0.0.0,SG,Singapore,官方,105 ms
203.34.80.82,443,0.0.0.0,SG,Singapore,官方,151 ms
203.55.107.231,443,0.0.0.0,SG,Singapore,官方,51 ms
203.55.107.85,443,0.0.0.0,SG,Singapore,官方,235 ms
203.34.80.154,443,0.0.0.0,SG,Singapore,官方,152 ms
203.34.80.80,443,0.0.0.0,SG,Singapore,官方,300 ms
203.55.107.108,443,0.0.0.0,SG,Singapore,官方,55 ms
203.34.80.101,443,0.0.0.0,SG,Singapore,官方,114 ms
203.34.28.205,443,0.0.0.0,SG,Singapore,官方,140 ms
203.32.121.11,443,0.0.0.0,SG,Singapore,官方,138 ms
203.34.28.121,443,0.0.0.0,SG,Singapore,官方,138 ms
203.29.52.109,443,0.0.0.0,SG,Singapore,官方,38 ms
203.55.107.168,443,0.0.0.0,SG,Singapore,官方,146 ms
203.55.107.28,443,0.0.0.0,SG,Singapore,官方,209 ms
203.32.121.32,443,0.0.0.0,SG,Singapore,官方,168 ms
203.34.80.56,443,0.0.0.0,SG,Singapore,官方,35 ms
203.24.103.152,443,0.0.0.0,SG,Singapore,官方,99 ms
203.34.80.206,443,0.0.0.0,SG,Singapore,官方,142 ms
203.34.80.46,443,0.0.0.0,SG,Singapore,官方,237 ms
203.32.120.153,443,0.0.0.0,SG,Singapore,官方,109 ms
203.29.52.223,443,0.0.0.0,SG,Singapore,官方,144 ms
203.55.107.42,443,0.0.0.0,SG,Singapore,官方,14 ms
203.34.80.130,443,0.0.0.0,SG,Singapore,官方,295 ms
203.32.120.81,443,0.0.0.0,SG,Singapore,官方,160 ms
203.29.52.34,443,0.0.0.0,SG,Singapore,官方,53 ms
203.55.107.159,443,0.0.0.0,SG,Singapore,官方,217 ms
203.24.103.31,443,0.0.0.0,SG,Singapore,官方,247 ms
203.32.120.242,443,0.0.0.0,SG,Singapore,官方,40 ms
203.24.102.45,443,0.0.0.0,SG,Singapore,官方,226 ms
203.55.107.61,443,0.0.0.0,SG,Singapore,官方,230 ms
203.29.52.183,443,0.0.0.0,SG,Singapore,官方,146 ms
203.32.120.182,443,0.0.0.0,SG,Singapore,官方,156 ms
203.32.121.223,443,0.0.0.0,SG,Singapore,官方,71 ms
203.24.102.178,443,0.0.0.0,SG,Singapore,官方,28 ms
203.29.52.38,443,0.0.0.0,SG,Singapore,官方,282 ms
203.29.52.143,443,0.0.0.0,SG,Singapore,官方,132 ms
203.24.102.254,443,0.0.0.0,SG,Singapore,官方,186 ms
203.55.107.192,443,0.0.0.0,SG,Singapore,官方,43 ms
203.32.120.159,443,0.0.0.0,SG,Singapore,官方,218 ms
203.24.102.64,443,0.0.0.0,SG,Singapore,官方,64 ms
203.24.102.195,443,0.0.0.0,SG,Singapore,官方,185 ms
203.34.28.51,443,0.0.0.0,SG,Singapore,官方,76 ms
203.24.102.230,443,0.0.0.0,SG,Singapore,官方,144 ms
203.34.80.122,443,0.0.0.0,SG,Singapore,官方,30 ms
203.32.120.4,443,0.0.0.0,SG,Singapore,官方,224 ms
203.24.102.228,443,0.0.0.0,SG,Singapore,官方,307 ms
203.24.103.231,443,0.0.0.0,SG,Singapore,官方,25 ms
203.32.120.66,443,0.0.0.0,SG,Singapore,官方,32 ms
203.24.103.34,443,0.0.0.0,SG,Singapore,官方,172 ms
203.34.80.27,443,0.0.0.0,SG,Singapore,官方,120 ms
203.29.52.156,443,0.0.0.0,SG,Singapore,官方,159 ms
203.34.80.146,443,0.0.0.0,SG,Singapore,官方,153 ms
203.32.121.88,443,0.0.0.0,SG,Singapore,官方,151 ms
203.34.28.167,443,0.0.0.0,SG,Singapore,官方,55 ms
203.32.120.12,443,0.0.0.0,SG,Singapore,官方,169 ms
203.24.103.36,443,0.0.0.0,SG,Singapore,官方,108 ms
203.29.52.106,443,0.0.0.0,SG,Singapore,官方,218 ms
203.24.102.109,443,0.0.0.0,SG,Singapore,官方,49 ms
203.24.103.225,443,0.0.0.0,SG,Singapore,官方,214 ms
203.24.103.141,443,0.0.0.0,SG,Singapore,官方,138 ms
203.32.120.243,443,0.0.0.0,SG,Singapore,官方,177 ms
203.34.80.137,443,0.0.0.0,SG,Singapore,官方,100 ms
203.55.107.156,443,0.0.0.0,SG,Singapore,官方,204 ms
203.34.28.222,443,0.0.0.0,SG,Singapore,官方,149 ms
203.55.107.188,443,0.0.0.0,SG,Singapore,官方,244 ms
203.24.102.245,443,0.0.0.0,SG,Singapore,官方,92 ms
203.34.80.86,443,0.0.0.0,SG,Singapore,官方,285 ms
203.24.102.58,443,0.0.0.0,SG,Singapore,官方,83 ms
203.24.102.76,443,0.0.0.0,SG,Singapore,官方,57 ms
203.29.52.58,443,0.0.0.0,SG,Singapore,官方,225 ms
203.34.28.232,443,0.0.0.0,SG,Singapore,官方,93 ms
203.34.28.70,443,0.0.0.0,SG,Singapore,官方,161 ms
203.32.120.30,443,0.0.0.0,SG,Singapore,官方,20 ms
203.34.80.18,443,0.0.0.0,SG,Singapore,官方,76 ms
203.34.28.200,443,0.0.0.0,SG,Singapore,官方,145 ms
203.29.52.93,443,0.0.0.0,SG,Singapore,官方,120 ms
203.29.52.1,443,0.0.0.0,SG,Singapore,官方,105 ms
203.34.80.52,443,0.0.0.0,SG,Singapore,官方,9 ms
203.24.102.164,443,0.0.0.0,SG,Singapore,官方,67 ms
203.24.102.187,443,0.0.0.0,SG,Singapore,官方,63 ms
203.55.107.165,443,0.0.0.0,SG,Singapore,官方,201 ms
203.24.103.149,443,0.0.0.0,SG,Singapore,官方,99 ms
203.24.102.141,443,0.0.0.0,SG,Singapore,官方,162 ms
203.24.102.160,443,0.0.0.0,SG,Singapore,官方,116 ms
203.32.120.233,443,0.0.0.0,SG,Singapore,官方,155 ms
203.55.107.214,443,0.0.0.0,SG,Singapore,官方,105 ms
203.34.28.85,443,0.0.0.0,SG,Singapore,官方,81 ms
203.34.28.217,443,0.0.0.0,SG,Singapore,官方,110 ms
203.24.103.248,443,0.0.0.0,SG,Singapore,官方,173 ms
203.34.28.42,443,0.0.0.0,SG,Singapore,官方,225 ms
203.24.103.120,443,0.0.0.0,SG,Singapore,官方,30 ms
203.24.103.102,443,0.0.0.0,SG,Singapore,官方,166 ms
203.55.107.200,443,0.0.0.0,SG,Singapore,官方,326 ms
203.32.120.160,443,0.0.0.0,SG,Singapore,官方,68 ms
203.55.107.6,443,0.0.0.0,SG,Singapore,官方,119 ms
203.32.121.188,443,0.0.0.0,SG,Singapore,官方,84 ms
203.55.107.29,443,0.0.0.0,SG,Singapore,官方,81 ms
203.55.107.68,443,0.0.0.0,SG,Singapore,官方,232 ms
203.24.102.111,443,0.0.0.0,SG,Singapore,官方,25 ms
203.32.120.121,443,0.0.0.0,SG,Singapore,官方,37 ms
203.34.28.68,443,0.0.0.0,SG,Singapore,官方,208 ms
203.29.52.226,443,0.0.0.0,SG,Singapore,官方,154 ms
203.34.28.202,443,0.0.0.0,SG,Singapore,官方,62 ms
203.24.103.46,443,0.0.0.0,SG,Singapore,官方,91 ms
203.29.52.186,443,0.0.0.0,SG,Singapore,官方,155 ms
203.34.80.48,443,0.0.0.0,SG,Singapore,官方,170 ms
203.24.102.108,443,0.0.0.0,SG,Singapore,官方,39 ms
203.29.52.6,443,0.0.0.0,SG,Singapore,官方,43 ms
203.24.103.85,443,0.0.0.0,SG,Singapore,官方,37 ms
203.24.103.93,443,0.0.0.0,SG,Singapore,官方,147 ms
203.32.121.211,443,0.0.0.0,SG,Singapore,官方,91 ms
203.24.103.41,443,0.0.0.0,SG,Singapore,官方,150 ms
203.24.103.222,443,0.0.0.0,SG,Singapore,官方,62 ms
203.55.107.75,443,0.0.0.0,SG,Singapore,官方,61 ms
203.24.103.89,443,0.0.0.0,SG,Singapore,官方,122 ms
203.24.102.28,443,0.0.0.0,SG,Singapore,官方,183 ms
203.34.80.148,443,0.0.0.0,SG,Singapore,官方,108 ms
203.55.107.34,443,0.0.0.0,SG,Singapore,官方,143 ms
203.32.121.197,443,0.0.0.0,SG,Singapore,官方,292 ms
203.55.107.142,443,0.0.0.0,SG,Singapore,官方,50 ms
203.55.107.145,443,0.0.0.0,SG,Singapore,官方,102 ms
203.34.28.192,443,0.0.0.0,SG,Singapore,官方,173 ms
203.34.80.246,443,0.0.0.0,SG,Singapore,官方,156 ms
203.24.103.23,443,0.0.0.0,SG,Singapore,官方,273 ms
203.24.102.25,443,0.0.0.0,SG,Singapore,官方,106 ms
203.55.107.202,443,0.0.0.0,SG,Singapore,官方,168 ms
203.29.52.188,443,0.0.0.0,SG,Singapore,官方,128 ms
203.55.107.2,443,0.0.0.0,SG,Singapore,官方,47 ms
203.32.120.93,443,0.0.0.0,SG,Singapore,官方,41 ms
203.55.107.91,443,0.0.0.0,SG,Singapore,官方,195 ms
203.24.102.95,443,0.0.0.0,SG,Singapore,官方,174 ms
203.34.80.49,443,0.0.0.0,SG,Singapore,官方,201 ms
203.34.28.114,443,0.0.0.0,SG,Singapore,官方,276 ms
203.55.107.218,443,0.0.0.0,SG,Singapore,官方,94 ms
203.55.107.101,443,0.0.0.0,SG,Singapore,官方,73 ms
203.29.52.171,443,0.0.0.0,SG,Singapore,官方,124 ms
203.24.103.13,443,0.0.0.0,SG,Singapore,官方,145 ms
203.24.103.5,443,0.0.0.0,SG,Singapore,官方,14 ms
203.29.52.112,443,0.0.0.0,SG,Singapore,官方,212 ms
203.29.52.15,443,0.0.0.0,SG,Singapore,官方,74 ms
203.24.103.108,443,0.0.0.0,SG,Singapore,官方,148 ms
203.24.102.176,443,0.0.0.0,SG,Singapore,官方,145 ms
203.24.103.90,443,0.0.0.0,SG,Singapore,官方,179 ms
203.32.121.169,443,0.0.0.0,SG,Singapore,官方,33 ms
203.32.120.62,443,0.0.0.0,SG,Singapore,官方,75 ms
203.24.102.185,443,0.0.0.0,SG,Singapore,官方,14 ms
203.34.80.81,443,0.0.0.0,SG,Singapore,官方,54 ms
203.24.103.176,443,0.0.0.0,SG,Singapore,官方,146 ms
203.24.103.26,443,0.0.0.0,SG,Singapore,官方,79 ms
203.32.120.109,443,0.0.0.0,SG,Singapore,官方,22 ms
203.34.28.83,443,0.0.0.0,SG,Singapore,官方,228 ms
203.32.121.72,443,0.0.0.0,SG,Singapore,官方,56 ms
203.32.120.107,443,0.0.0.0,SG,Singapore,官方,108 ms
203.32.120.124,443,0.0.0.0,SG,Singapore,官方,272 ms
203.32.121.76,443,0.0.0.0,SG,Singapore,官方,90 ms
203.32.121.40,443,0.0.0.0,SG,Singapore,官方,85 ms
203.32.121.21,443,0.0.0.0,SG,Singapore,官方,174 ms
203.32.121.93,443,0.0.0.0,SG,Singapore,官方,21 ms
203.55.107.215,443,0.0.0.0,SG,Singapore,官方,250 ms
203.55.107.240,443,0.0.0.0,SG,Singapore,官方,63 ms
203.24.102.213,443,0.0.0.0,SG,Singapore,官方,219 ms
203.34.80.90,443,0.0.0.0,SG,Singapore,官方,144 ms
203.24.103.64,443,0.0.0.0,SG,Singapore,官方,39 ms
203.55.107.97,443,0.0.0.0,SG,Singapore,官方,154 ms
203.24.102.131,443,0.0.0.0,SG,Singapore,官方,161 ms
203.55.107.245,443,0.0.0.0,SG,Singapore,官方,102 ms
203.29.52.191,443,0.0.0.0,SG,Singapore,官方,131 ms
203.24.103.209,443,0.0.0.0,SG,Singapore,官方,234 ms
203.34.28.47,443,0.0.0.0,SG,Singapore,官方,90 ms
203.34.28.156,443,0.0.0.0,SG,Singapore,官方,213 ms
203.32.120.113,443,0.0.0.0,SG,Singapore,官方,241 ms
203.34.80.125,443,0.0.0.0,SG,Singapore,官方,130 ms
203.32.121.54,443,0.0.0.0,SG,Singapore,官方,224 ms
203.24.103.150,443,0.0.0.0,SG,Singapore,官方,137 ms
203.24.102.152,443,0.0.0.0,SG,Singapore,官方,177 ms
203.24.102.169,443,0.0.0.0,SG,Singapore,官方,59 ms
203.29.52.164,443,0.0.0.0,SG,Singapore,官方,46 ms
203.24.103.80,443,0.0.0.0,SG,Singapore,官方,78 ms
203.55.107.216,443,0.0.0.0,SG,Singapore,官方,59 ms
203.32.121.245,443,0.0.0.0,SG,Singapore,官方,185 ms
203.34.80.112,443,0.0.0.0,SG,Singapore,官方,44 ms
203.24.102.223,443,0.0.0.0,SG,Singapore,官方,217 ms
203.24.103.139,443,0.0.0.0,SG,Singapore,官方,290 ms
203.32.120.49,443,0.0.0.0,SG,Singapore,官方,30 ms
203.29.52.212,443,0.0.0.0,SG,Singapore,官方,65 ms
203.34.80.233,443,0.0.0.0,SG,Singapore,官方,38 ms
203.34.28.249,443,0.0.0.0,SG,Singapore,官方,316 ms
203.55.107.23,443,0.0.0.0,SG,Singapore,官方,59 ms
203.24.103.18,443,0.0.0.0,SG,Singapore,官方,28 ms
203.55.107.18,443,0.0.0.0,SG,Singapore,官方,67 ms
203.32.120.180,443,0.0.0.0,SG,Singapore,官方,138 ms
203.32.121.192,443,0.0.0.0,SG,Singapore,官方,23 ms
203.32.120.217,443,0.0.0.0,SG,Singapore,官方,209 ms
203.29.52.25,443,0.0.0.0,SG,Singapore,官方,20 ms
203.34.80.196,443,0.0.0.0,SG,Singapore,官方,45 ms
203.24.102.237,443,0.0.0.0,SG,Singapore,官方,45 ms
203.55.107.20,443,0.0.0.0,SG,Singapore,官方,138 ms
203.24.102.46,443,0.0.0.0,SG,Singapore,官方,122 ms
203.32.121.52,443,0.0.0.0,SG,Singapore,官方,70 ms
203.32.120.226,443,0.0.0.0,SG,Singapore,官方,54 ms
203.24.102.11,443,0.0.0.0,SG,Singapore,官方,254 ms
203.32.121.26,443,0.0.0.0,SG,Singapore,官方,158 ms
203.32.120.101,443,0.0.0.0,SG,Singapore,官方,150 ms
203.32.121.71,443,0.0.0.0,SG,Singapore,官方,214 ms
203.24.102.86,443,0.0.0.0,SG,Singapore,官方,13 ms
203.32.120.150,443,0.0.0.0,SG,Singapore,官方,214 ms
203.34.28.196,443,0.0.0.0,SG,Singapore,官方,81 ms
203.32.121.163,443,0.0.0.0,SG,Singapore,官方,132 ms
203.34.28.178,443,0.0.0.0,SG,Singapore,官方,9 ms
203.24.102.207,443,0.0.0.0,SG,Singapore,官方,200 ms
203.34.80.131,443,0.0.0.0,SG,Singapore,官方,112 ms
203.24.102.84,443,0.0.0.0,SG,Singapore,官方,125 ms
203.24.102.35,443,0.0.0.0,SG,Singapore,官方,32 ms
203.24.102.51,443,0.0.0.0,SG,Singapore,官方,73 ms
203.32.120.229,443,0.0.0.0,SG,Singapore,官方,136 ms
203.32.121.53,443,0.0.0.0,SG,Singapore,官方,170 ms
203.29.52.102,443,0.0.0.0,SG,Singapore,官方,141 ms
203.34.80.8,443,0.0.0.0,SG,Singapore,官方,78 ms
203.32.120.122,443,0.0.0.0,SG,Singapore,官方,184 ms
203.32.121.152,443,0.0.0.0,SG,Singapore,官方,217 ms
203.24.103.218,443,0.0.0.0,SG,Singapore,官方,27 ms
203.55.107.80,443,0.0.0.0,SG,Singapore,官方,111 ms
203.24.103.52,443,0.0.0.0,SG,Singapore,官方,138 ms
203.29.52.176,443,0.0.0.0,SG,Singapore,官方,77 ms
203.24.102.214,443,0.0.0.0,SG,Singapore,官方,279 ms
203.24.103.58,443,0.0.0.0,SG,Singapore,官方,206 ms
203.24.103.192,443,0.0.0.0,SG,Singapore,官方,146 ms
203.34.28.107,443,0.0.0.0,SG,Singapore,官方,193 ms
203.55.107.19,443,0.0.0.0,SG,Singapore,官方,116 ms
203.24.103.249,443,0.0.0.0,SG,Singapore,官方,27 ms
203.34.28.187,443,0.0.0.0,SG,Singapore,官方,200 ms
203.32.121.150,443,0.0.0.0,SG,Singapore,官方,152 ms
203.29.52.237,443,0.0.0.0,SG,Singapore,官方,72 ms
203.29.52.26,443,0.0.0.0,SG,Singapore,官方,74 ms
203.32.121.65,443,0.0.0.0,SG,Singapore,官方,38 ms
203.55.107.82,443,0.0.0.0,SG,Singapore,官方,60 ms
203.34.80.172,443,0.0.0.0,SG,Singapore,官方,283 ms
203.34.28.127,443,0.0.0.0,SG,Singapore,官方,295 ms
203.32.121.66,443,0.0.0.0,SG,Singapore,官方,43 ms
203.34.80.164,443,0.0.0.0,SG,Singapore,官方,153 ms
203.24.103.245,443,0.0.0.0,SG,Singapore,官方,181 ms
203.32.120.154,443,0.0.0.0,SG,Singapore,官方,90 ms
203.29.52.224,443,0.0.0.0,SG,Singapore,官方,97 ms
203.32.121.204,443,0.0.0.0,SG,Singapore,官方,182 ms
203.34.28.37,443,0.0.0.0,SG,Singapore,官方,53 ms
203.32.120.115,443,0.0.0.0,SG,Singapore,官方,225 ms
203.34.28.145,443,0.0.0.0,SG,Singapore,官方,61 ms
203.34.28.170,443,0.0.0.0,SG,Singapore,官方,155 ms
203.32.121.172,443,0.0.0.0,SG,Singapore,官方,162 ms
203.34.80.161,443,0.0.0.0,SG,Singapore,官方,114 ms
203.34.80.254,443,0.0.0.0,SG,Singapore,官方,76 ms
203.32.121.109,443,0.0.0.0,SG,Singapore,官方,38 ms
203.24.103.213,443,0.0.0.0,SG,Singapore,官方,132 ms
203.34.28.164,443,0.0.0.0,SG,Singapore,官方,272 ms
203.24.103.166,443,0.0.0.0,SG,Singapore,官方,95 ms
203.24.103.156,443,0.0.0.0,SG,Singapore,官方,183 ms
203.24.103.130,443,0.0.0.0,SG,Singapore,官方,44 ms
203.34.80.228,443,0.0.0.0,SG,Singapore,官方,100 ms
203.55.107.211,443,0.0.0.0,SG,Singapore,官方,75 ms
203.24.102.177,443,0.0.0.0,SG,Singapore,官方,181 ms
203.32.121.216,443,0.0.0.0,SG,Singapore,官方,133 ms
203.55.107.77,443,0.0.0.0,SG,Singapore,官方,184 ms
203.55.107.251,443,0.0.0.0,SG,Singapore,官方,64 ms
203.32.121.92,443,0.0.0.0,SG,Singapore,官方,179 ms
203.34.80.64,443,0.0.0.0,SG,Singapore,官方,30 ms
203.29.52.90,443,0.0.0.0,SG,Singapore,官方,113 ms
203.24.103.16,443,0.0.0.0,SG,Singapore,官方,113 ms
203.24.102.12,443,0.0.0.0,SG,Singapore,官方,120 ms
203.34.80.191,443,0.0.0.0,SG,Singapore,官方,157 ms
203.32.121.19,443,0.0.0.0,SG,Singapore,官方,171 ms
203.55.107.153,443,0.0.0.0,SG,Singapore,官方,205 ms
203.34.80.218,443,0.0.0.0,SG,Singapore,官方,35 ms
203.34.80.162,443,0.0.0.0,SG,Singapore,官方,288 ms
203.24.102.92,443,0.0.0.0,SG,Singapore,官方,131 ms
203.34.80.251,443,0.0.0.0,SG,Singapore,官方,157 ms
203.24.103.30,443,0.0.0.0,SG,Singapore,官方,4 ms
203.32.120.50,443,0.0.0.0,SG,Singapore,官方,181 ms
203.34.28.144,443,0.0.0.0,SG,Singapore,官方,90 ms
203.24.103.207,443,0.0.0.0,SG,Singapore,官方,256 ms
203.55.107.113,443,0.0.0.0,SG,Singapore,官方,19 ms
203.34.80.102,443,0.0.0.0,SG,Singapore,官方,28 ms
203.34.28.33,443,0.0.0.0,SG,Singapore,官方,212 ms
203.32.120.216,443,0.0.0.0,SG,Singapore,官方,83 ms
203.32.120.131,443,0.0.0.0,SG,Singapore,官方,35 ms
203.29.52.184,443,0.0.0.0,SG,Singapore,官方,231 ms
203.55.107.109,443,0.0.0.0,SG,Singapore,官方,134 ms
203.32.120.139,443,0.0.0.0,SG,Singapore,官方,20 ms
203.34.28.75,443,0.0.0.0,SG,Singapore,官方,44 ms
203.55.107.238,443,0.0.0.0,SG,Singapore,官方,66 ms
203.29.52.255,443,0.0.0.0,SG,Singapore,官方,69 ms
203.29.52.132,443,0.0.0.0,SG,Singapore,官方,135 ms
203.55.107.110,443,0.0.0.0,SG,Singapore,官方,156 ms
203.32.121.101,443,0.0.0.0,SG,Singapore,官方,125 ms
203.34.80.115,443,0.0.0.0,SG,Singapore,官方,16 ms
203.24.103.208,443,0.0.0.0,SG,Singapore,官方,123 ms
203.32.120.193,443,0.0.0.0,SG,Singapore,官方,99 ms
203.32.120.178,443,0.0.0.0,SG,Singapore,官方,56 ms
203.24.103.51,443,0.0.0.0,SG,Singapore,官方,133 ms
203.34.80.127,443,0.0.0.0,SG,Singapore,官方,154 ms
203.34.28.218,443,0.0.0.0,SG,Singapore,官方,154 ms
203.24.103.35,443,0.0.0.0,SG,Singapore,官方,63 ms
203.34.80.11,443,0.0.0.0,SG,Singapore,官方,18 ms
203.34.80.208,443,0.0.0.0,SG,Singapore,官方,32 ms
203.34.80.157,443,0.0.0.0,SG,Singapore,官方,193 ms
203.32.120.34,443,0.0.0.0,SG,Singapore,官方,100 ms
203.24.103.161,443,0.0.0.0,SG,Singapore,官方,19 ms
203.34.80.33,443,0.0.0.0,SG,Singapore,官方,106 ms
203.55.107.48,443,0.0.0.0,SG,Singapore,官方,95 ms
203.34.28.82,443,0.0.0.0,SG,Singapore,官方,136 ms
203.24.103.224,443,0.0.0.0,SG,Singapore,官方,37 ms
203.55.107.94,443,0.0.0.0,SG,Singapore,官方,140 ms
203.34.28.138,443,0.0.0.0,SG,Singapore,官方,79 ms
203.24.102.149,443,0.0.0.0,SG,Singapore,官方,93 ms
203.32.121.198,443,0.0.0.0,SG,Singapore,官方,88 ms
203.34.80.165,443,0.0.0.0,SG,Singapore,官方,180 ms
203.55.107.152,443,0.0.0.0,SG,Singapore,官方,190 ms
203.32.121.234,443,0.0.0.0,SG,Singapore,官方,92 ms
203.24.102.55,443,0.0.0.0,SG,Singapore,官方,207 ms
203.24.103.134,443,0.0.0.0,SG,Singapore,官方,58 ms
203.32.120.90,443,0.0.0.0,SG,Singapore,官方,72 ms
203.24.103.169,443,0.0.0.0,SG,Singapore,官方,190 ms
203.24.103.138,443,0.0.0.0,SG,Singapore,官方,161 ms
203.55.107.222,443,0.0.0.0,SG,Singapore,官方,139 ms
203.55.107.30,443,0.0.0.0,SG,Singapore,官方,88 ms
203.29.52.115,443,0.0.0.0,SG,Singapore,官方,57 ms
203.24.102.66,443,0.0.0.0,SG,Singapore,官方,67 ms
203.29.52.32,443,0.0.0.0,SG,Singapore,官方,232 ms
203.32.120.201,443,0.0.0.0,SG,Singapore,官方,151 ms
203.55.107.160,443,0.0.0.0,SG,Singapore,官方,54 ms
203.24.103.112,443,0.0.0.0,SG,Singapore,官方,204 ms
203.24.103.2,443,0.0.0.0,SG,Singapore,官方,278 ms
203.34.80.221,443,0.0.0.0,SG,Singapore,官方,179 ms
203.24.103.77,443,0.0.0.0,SG,Singapore,官方,277 ms
203.32.120.18,443,0.0.0.0,SG,Singapore,官方,196 ms
203.32.121.164,443,0.0.0.0,SG,Singapore,官方,7 ms
203.34.80.35,443,0.0.0.0,SG,Singapore,官方,155 ms
203.34.28.34,443,0.0.0.0,SG,Singapore,官方,84 ms
203.55.107.182,443,0.0.0.0,SG,Singapore,官方,285 ms
203.34.28.31,443,0.0.0.0,SG,Singapore,官方,177 ms
203.24.102.107,443,0.0.0.0,SG,Singapore,官方,69 ms
203.29.52.64,443,0.0.0.0,SG,Singapore,官方,218 ms
203.24.103.200,443,0.0.0.0,SG,Singapore,官方,81 ms
203.24.102.41,443,0.0.0.0,SG,Singapore,官方,126 ms
203.55.107.178,443,0.0.0.0,SG,Singapore,官方,90 ms
203.55.107.115,443,0.0.0.0,SG,Singapore,官方,85 ms
203.24.103.238,443,0.0.0.0,SG,Singapore,官方,40 ms
203.34.28.6,443,0.0.0.0,SG,Singapore,官方,186 ms
203.24.102.65,443,0.0.0.0,SG,Singapore,官方,158 ms
203.55.107.224,443,0.0.0.0,SG,Singapore,官方,47 ms
203.32.120.54,443,0.0.0.0,SG,Singapore,官方,157 ms
203.32.121.239,443,0.0.0.0,SG,Singapore,官方,4 ms
203.29.52.108,443,0.0.0.0,SG,Singapore,官方,57 ms
203.32.120.71,443,0.0.0.0,SG,Singapore,官方,122 ms
203.34.28.193,443,0.0.0.0,SG,Singapore,官方,112 ms
203.32.120.175,443,0.0.0.0,SG,Singapore,官方,21 ms
203.32.120.170,443,0.0.0.0,SG,Singapore,官方,21 ms
203.32.120.237,443,0.0.0.0,SG,Singapore,官方,102 ms
203.55.107.219,443,0.0.0.0,SG,Singapore,官方,58 ms
203.32.120.24,443,0.0.0.0,SG,Singapore,官方,130 ms
203.34.28.198,443,0.0.0.0,SG,Singapore,官方,226 ms
203.34.28.154,443,0.0.0.0,SG,Singapore,官方,268 ms
203.34.28.132,443,0.0.0.0,SG,Singapore,官方,83 ms
203.29.52.118,443,0.0.0.0,SG,Singapore,官方,141 ms
203.32.121.85,443,0.0.0.0,SG,Singapore,官方,44 ms
203.34.80.19,443,0.0.0.0,SG,Singapore,官方,156 ms
203.24.103.42,443,0.0.0.0,SG,Singapore,官方,85 ms
203.34.28.103,443,0.0.0.0,SG,Singapore,官方,30 ms
203.34.80.217,443,0.0.0.0,SG,Singapore,官方,62 ms
203.32.121.134,443,0.0.0.0,SG,Singapore,官方,256 ms
203.29.52.136,443,0.0.0.0,SG,Singapore,官方,11 ms
203.34.28.19,443,0.0.0.0,SG,Singapore,官方,188 ms
203.55.107.9,443,0.0.0.0,SG,Singapore,官方,37 ms
203.34.28.18,443,0.0.0.0,SG,Singapore,官方,23 ms
203.34.28.39,443,0.0.0.0,SG,Singapore,官方,18 ms
203.34.80.0,443,0.0.0.0,SG,Singapore,官方,95 ms
203.55.107.237,443,0.0.0.0,SG,Singapore,官方,162 ms
203.32.121.44,443,0.0.0.0,SG,Singapore,官方,5 ms
203.34.80.3,443,0.0.0.0,SG,Singapore,官方,186 ms
203.34.28.86,443,0.0.0.0,SG,Singapore,官方,97 ms
203.24.102.226,443,0.0.0.0,SG,Singapore,官方,162 ms
203.55.107.107,443,0.0.0.0,SG,Singapore,官方,205 ms
203.24.103.99,443,0.0.0.0,SG,Singapore,官方,172 ms
203.32.121.56,443,0.0.0.0,SG,Singapore,官方,247 ms
203.55.107.96,443,0.0.0.0,SG,Singapore,官方,150 ms
203.24.102.88,443,0.0.0.0,SG,Singapore,官方,10 ms
203.32.120.176,443,0.0.0.0,SG,Singapore,官方,25 ms
203.34.80.29,443,0.0.0.0,SG,Singapore,官方,153 ms
203.32.120.219,443,0.0.0.0,SG,Singapore,官方,201 ms
203.24.102.101,443,0.0.0.0,SG,Singapore,官方,138 ms
203.24.102.200,443,0.0.0.0,SG,Singapore,官方,154 ms
203.34.80.14,443,0.0.0.0,SG,Singapore,官方,133 ms
203.24.103.68,443,0.0.0.0,SG,Singapore,官方,106 ms
203.29.52.73,443,0.0.0.0,SG,Singapore,官方,27 ms
203.55.107.180,443,0.0.0.0,SG,Singapore,官方,229 ms
203.34.28.219,443,0.0.0.0,SG,Singapore,官方,231 ms
203.29.52.9,443,0.0.0.0,SG,Singapore,官方,71 ms
203.24.102.127,443,0.0.0.0,SG,Singapore,官方,287 ms
203.55.107.65,443,0.0.0.0,SG,Singapore,官方,171 ms
203.24.102.99,443,0.0.0.0,SG,Singapore,官方,103 ms
203.34.28.50,443,0.0.0.0,SG,Singapore,官方,352 ms
203.24.103.25,443,0.0.0.0,SG,Singapore,官方,265 ms
203.32.121.238,443,0.0.0.0,SG,Singapore,官方,3 ms
203.55.107.247,443,0.0.0.0,SG,Singapore,官方,207 ms
203.34.28.35,443,0.0.0.0,SG,Singapore,官方,148 ms
203.24.102.166,443,0.0.0.0,SG,Singapore,官方,104 ms
203.24.102.188,443,0.0.0.0,SG,Singapore,官方,136 ms
203.34.28.93,443,0.0.0.0,SG,Singapore,官方,158 ms
203.32.120.86,443,0.0.0.0,SG,Singapore,官方,78 ms
203.32.121.205,443,0.0.0.0,SG,Singapore,官方,11 ms
203.24.103.111,443,0.0.0.0,SG,Singapore,官方,299 ms
203.34.28.1,443,0.0.0.0,SG,Singapore,官方,38 ms
203.55.107.177,443,0.0.0.0,SG,Singapore,官方,15 ms
203.34.80.169,443,0.0.0.0,SG,Singapore,官方,175 ms
203.34.28.133,443,0.0.0.0,SG,Singapore,官方,146 ms
203.34.28.29,443,0.0.0.0,SG,Singapore,官方,3 ms
203.32.121.35,443,0.0.0.0,SG,Singapore,官方,137 ms
203.24.103.115,443,0.0.0.0,SG,Singapore,官方,56 ms
203.29.52.8,443,0.0.0.0,SG,Singapore,官方,98 ms
203.55.107.141,443,0.0.0.0,SG,Singapore,官方,191 ms
203.32.121.91,443,0.0.0.0,SG,Singapore,官方,191 ms
203.29.52.225,443,0.0.0.0,SG,Singapore,官方,242 ms
203.29.52.247,443,0.0.0.0,SG,Singapore,官方,171 ms
203.32.120.123,443,0.0.0.0,SG,Singapore,官方,141 ms
203.34.80.216,443,0.0.0.0,SG,Singapore,官方,205 ms
203.32.121.20,443,0.0.0.0,SG,Singapore,官方,63 ms
203.32.121.160,443,0.0.0.0,SG,Singapore,官方,189 ms
203.34.80.24,443,0.0.0.0,SG,Singapore,官方,81 ms
203.29.52.232,443,0.0.0.0,SG,Singapore,官方,114 ms
203.55.107.86,443,0.0.0.0,SG,Singapore,官方,99 ms
203.34.28.238,443,0.0.0.0,SG,Singapore,官方,83 ms
203.34.80.121,443,0.0.0.0,SG,Singapore,官方,166 ms
203.29.52.14,443,0.0.0.0,SG,Singapore,官方,183 ms
203.24.103.187,443,0.0.0.0,SG,Singapore,官方,33 ms
203.32.120.200,443,0.0.0.0,SG,Singapore,官方,81 ms
203.55.107.236,443,0.0.0.0,SG,Singapore,官方,284 ms
203.24.102.16,443,0.0.0.0,SG,Singapore,官方,160 ms
203.34.28.183,443,0.0.0.0,SG,Singapore,官方,70 ms
203.32.121.15,443,0.0.0.0,SG,Singapore,官方,39 ms
203.29.52.166,443,0.0.0.0,SG,Singapore,官方,146 ms
203.32.121.141,443,0.0.0.0,SG,Singapore,官方,51 ms
203.24.103.193,443,0.0.0.0,SG,Singapore,官方,217 ms
203.24.103.76,443,0.0.0.0,SG,Singapore,官方,176 ms
203.55.107.67,443,0.0.0.0,SG,Singapore,官方,15 ms
203.24.103.184,443,0.0.0.0,SG,Singapore,官方,123 ms
203.34.80.241,443,0.0.0.0,SG,Singapore,官方,79 ms
203.34.28.207,443,0.0.0.0,SG,Singapore,官方,110 ms
203.24.103.74,443,0.0.0.0,SG,Singapore,官方,177 ms
203.34.80.74,443,0.0.0.0,SG,Singapore,官方,150 ms
203.32.120.152,443,0.0.0.0,SG,Singapore,官方,140 ms
203.24.102.206,443,0.0.0.0,SG,Singapore,官方,204 ms
203.32.120.252,443,0.0.0.0,SG,Singapore,官方,185 ms
203.32.120.145,443,0.0.0.0,SG,Singapore,官方,219 ms
203.34.28.66,443,0.0.0.0,SG,Singapore,官方,228 ms
203.29.52.22,443,0.0.0.0,SG,Singapore,官方,179 ms
203.55.107.250,443,0.0.0.0,SG,Singapore,官方,2 ms
203.32.121.228,443,0.0.0.0,SG,Singapore,官方,147 ms
203.24.103.155,443,0.0.0.0,SG,Singapore,官方,41 ms
203.29.52.11,443,0.0.0.0,SG,Singapore,官方,209 ms
203.32.121.9,443,0.0.0.0,SG,Singapore,官方,267 ms
203.32.120.209,443,0.0.0.0,SG,Singapore,官方,157 ms
203.32.121.2,443,0.0.0.0,SG,Singapore,官方,102 ms
203.29.52.160,443,0.0.0.0,SG,Singapore,官方,274 ms
203.32.121.62,443,0.0.0.0,SG,Singapore,官方,145 ms
203.32.120.48,443,0.0.0.0,SG,Singapore,官方,142 ms
203.55.107.229,443,0.0.0.0,SG,Singapore,官方,8 ms
203.29.52.104,443,0.0.0.0,SG,Singapore,官方,232 ms
203.32.121.187,443,0.0.0.0,SG,Singapore,官方,71 ms
203.34.80.84,443,0.0.0.0,SG,Singapore,官方,148 ms
203.32.121.28,443,0.0.0.0,SG,Singapore,官方,138 ms
203.34.80.189,443,0.0.0.0,SG,Singapore,官方,68 ms
203.32.120.51,443,0.0.0.0,SG,Singapore,官方,39 ms
203.24.103.101,443,0.0.0.0,SG,Singapore,官方,158 ms
203.32.121.162,443,0.0.0.0,SG,Singapore,官方,42 ms
203.29.52.47,443,0.0.0.0,SG,Singapore,官方,136 ms
203.34.80.58,443,0.0.0.0,SG,Singapore,官方,97 ms
203.34.80.222,443,0.0.0.0,SG,Singapore,官方,42 ms
203.34.28.210,443,0.0.0.0,SG,Singapore,官方,125 ms
203.24.103.250,443,0.0.0.0,SG,Singapore,官方,78 ms
203.24.103.96,443,0.0.0.0,SG,Singapore,官方,121 ms
203.34.80.4,443,0.0.0.0,SG,Singapore,官方,272 ms
203.34.80.177,443,0.0.0.0,SG,Singapore,官方,150 ms
203.34.28.179,443,0.0.0.0,SG,Singapore,官方,32 ms
203.34.80.76,443,0.0.0.0,SG,Singapore,官方,178 ms
203.24.102.43,443,0.0.0.0,SG,Singapore,官方,142 ms
203.32.121.144,443,0.0.0.0,SG,Singapore,官方,103 ms
203.24.103.175,443,0.0.0.0,SG,Singapore,官方,97 ms
203.55.107.206,443,0.0.0.0,SG,Singapore,官方,9 ms
203.24.102.197,443,0.0.0.0,SG,Singapore,官方,21 ms
203.32.120.231,443,0.0.0.0,SG,Singapore,官方,144 ms
203.34.80.243,443,0.0.0.0,SG,Singapore,官方,59 ms
203.29.52.142,443,0.0.0.0,SG,Singapore,官方,115 ms
203.55.107.191,443,0.0.0.0,SG,Singapore,官方,159 ms
203.24.103.154,443,0.0.0.0,SG,Singapore,官方,8 ms
203.34.28.226,443,0.0.0.0,SG,Singapore,官方,123 ms
203.29.52.185,443,0.0.0.0,SG,Singapore,官方,97 ms
203.34.80.147,443,0.0.0.0,SG,Singapore,官方,231 ms
203.24.102.248,443,0.0.0.0,SG,Singapore,官方,181 ms
203.34.80.185,443,0.0.0.0,SG,Singapore,官方,55 ms
203.24.102.71,443,0.0.0.0,SG,Singapore,官方,188 ms
203.24.103.127,443,0.0.0.0,SG,Singapore,官方,151 ms
203.32.120.72,443,0.0.0.0,SG,Singapore,官方,94 ms
203.29.52.53,443,0.0.0.0,SG,Singapore,官方,203 ms
203.34.28.166,443,0.0.0.0,SG,Singapore,官方,47 ms
203.29.52.28,443,0.0.0.0,SG,Singapore,官方,6 ms
203.34.80.34,443,0.0.0.0,SG,Singapore,官方,162 ms
203.29.52.56,443,0.0.0.0,SG,Singapore,官方,1 ms
203.34.80.160,443,0.0.0.0,SG,Singapore,官方,105 ms
203.32.121.203,443,0.0.0.0,SG,Singapore,官方,53 ms
203.24.103.226,443,0.0.0.0,SG,Singapore,官方,36 ms
203.34.80.134,443,0.0.0.0,SG,Singapore,官方,114 ms
203.24.103.234,443,0.0.0.0,SG,Singapore,官方,177 ms
203.32.121.64,443,0.0.0.0,SG,Singapore,官方,21 ms
203.29.52.140,443,0.0.0.0,SG,Singapore,官方,89 ms
203.32.121.79,443,0.0.0.0,SG,Singapore,官方,42 ms
203.32.121.46,443,0.0.0.0,SG,Singapore,官方,213 ms
203.32.120.158,443,0.0.0.0,SG,Singapore,官方,123 ms
203.29.52.215,443,0.0.0.0,SG,Singapore,官方,68 ms
203.32.120.254,443,0.0.0.0,SG,Singapore,官方,164 ms
203.55.107.148,443,0.0.0.0,SG,Singapore,官方,102 ms
203.29.52.242,443,0.0.0.0,SG,Singapore,官方,98 ms
203.29.52.196,443,0.0.0.0,SG,Singapore,官方,138 ms
203.24.102.250,443,0.0.0.0,SG,Singapore,官方,131 ms
203.34.28.252,443,0.0.0.0,SG,Singapore,官方,152 ms
203.32.120.148,443,0.0.0.0,SG,Singapore,官方,42 ms
203.32.120.215,443,0.0.0.0,SG,Singapore,官方,156 ms
203.24.103.128,443,0.0.0.0,SG,Singapore,官方,125 ms
203.32.121.24,443,0.0.0.0,SG,Singapore,官方,136 ms
203.32.120.55,443,0.0.0.0,SG,Singapore,官方,132 ms
203.34.28.99,443,0.0.0.0,SG,Singapore,官方,110 ms
203.34.28.59,443,0.0.0.0,SG,Singapore,官方,170 ms
203.32.121.222,443,0.0.0.0,SG,Singapore,官方,154 ms
203.32.120.126,443,0.0.0.0,SG,Singapore,官方,123 ms
203.24.103.132,443,0.0.0.0,SG,Singapore,官方,26 ms
203.55.107.133,443,0.0.0.0,SG,Singapore,官方,286 ms
203.32.121.123,443,0.0.0.0,SG,Singapore,官方,202 ms
203.34.28.224,443,0.0.0.0,SG,Singapore,官方,236 ms
203.24.102.113,443,0.0.0.0,SG,Singapore,官方,75 ms
203.24.103.70,443,0.0.0.0,SG,Singapore,官方,205 ms
203.34.80.47,443,0.0.0.0,SG,Singapore,官方,138 ms
203.29.52.121,443,0.0.0.0,SG,Singapore,官方,208 ms
203.32.121.227,443,0.0.0.0,SG,Singapore,官方,331 ms
203.29.52.159,443,0.0.0.0,SG,Singapore,官方,286 ms
203.24.103.29,443,0.0.0.0,SG,Singapore,官方,19 ms
203.55.107.59,443,0.0.0.0,SG,Singapore,官方,20 ms
203.32.121.74,443,0.0.0.0,SG,Singapore,官方,19 ms
203.32.120.204,443,0.0.0.0,SG,Singapore,官方,200 ms
203.55.107.234,443,0.0.0.0,SG,Singapore,官方,145 ms
203.32.120.127,443,0.0.0.0,SG,Singapore,官方,98 ms
203.34.80.44,443,0.0.0.0,SG,Singapore,官方,40 ms
203.29.52.236,443,0.0.0.0,SG,Singapore,官方,161 ms
203.32.121.153,443,0.0.0.0,SG,Singapore,官方,41 ms
203.24.103.116,443,0.0.0.0,SG,Singapore,官方,163 ms
203.55.107.5,443,0.0.0.0,SG,Singapore,官方,71 ms
203.24.102.53,443,0.0.0.0,SG,Singapore,官方,112 ms
203.24.102.13,443,0.0.0.0,SG,Singapore,官方,66 ms
203.24.102.105,443,0.0.0.0,SG,Singapore,官方,104 ms
203.55.107.253,443,0.0.0.0,SG,Singapore,官方,108 ms
203.32.121.96,443,0.0.0.0,SG,Singapore,官方,260 ms
203.24.102.156,443,0.0.0.0,SG,Singapore,官方,63 ms
203.29.52.103,443,0.0.0.0,SG,Singapore,官方,18 ms
203.34.28.229,443,0.0.0.0,SG,Singapore,官方,40 ms
203.24.102.155,443,0.0.0.0,SG,Singapore,官方,160 ms
203.34.28.139,443,0.0.0.0,SG,Singapore,官方,172 ms
203.24.103.92,443,0.0.0.0,SG,Singapore,官方,82 ms
203.24.103.123,443,0.0.0.0,SG,Singapore,官方,67 ms
203.32.120.42,443,0.0.0.0,SG,Singapore,官方,176 ms
203.55.107.55,443,0.0.0.0,SG,Singapore,官方,219 ms
203.24.102.83,443,0.0.0.0,SG,Singapore,官方,181 ms
203.32.121.240,443,0.0.0.0,SG,Singapore,官方,248 ms
203.34.80.60,443,0.0.0.0,SG,Singapore,官方,15 ms
203.32.121.73,443,0.0.0.0,SG,Singapore,官方,125 ms
203.55.107.79,443,0.0.0.0,SG,Singapore,官方,135 ms
203.24.102.49,443,0.0.0.0,SG,Singapore,官方,89 ms
203.24.103.170,443,0.0.0.0,SG,Singapore,官方,98 ms
203.32.120.33,443,0.0.0.0,SG,Singapore,官方,162 ms
203.32.120.202,443,0.0.0.0,SG,Singapore,官方,62 ms
203.32.120.103,443,0.0.0.0,SG,Singapore,官方,171 ms
203.29.52.148,443,0.0.0.0,SG,Singapore,官方,88 ms
203.32.121.171,443,0.0.0.0,SG,Singapore,官方,153 ms
203.24.103.71,443,0.0.0.0,SG,Singapore,官方,45 ms
203.32.120.99,443,0.0.0.0,SG,Singapore,官方,79 ms
203.32.121.113,443,0.0.0.0,SG,Singapore,官方,66 ms
203.34.80.95,443,0.0.0.0,SG,Singapore,官方,41 ms
203.32.121.224,443,0.0.0.0,SG,Singapore,官方,199 ms
203.34.28.23,443,0.0.0.0,SG,Singapore,官方,213 ms
203.34.80.51,443,0.0.0.0,SG,Singapore,官方,100 ms
203.32.120.210,443,0.0.0.0,SG,Singapore,官方,147 ms
203.29.52.37,443,0.0.0.0,SG,Singapore,官方,134 ms
203.34.80.2,443,0.0.0.0,SG,Singapore,官方,57 ms
203.34.28.2,443,0.0.0.0,SG,Singapore,官方,51 ms
203.32.120.144,443,0.0.0.0,SG,Singapore,官方,262 ms
203.29.52.144,443,0.0.0.0,SG,Singapore,官方,65 ms
203.34.28.90,443,0.0.0.0,SG,Singapore,官方,45 ms
203.34.80.98,443,0.0.0.0,SG,Singapore,官方,116 ms
203.32.121.8,443,0.0.0.0,SG,Singapore,官方,81 ms
203.24.102.174,443,0.0.0.0,SG,Singapore,官方,61 ms
203.32.120.132,443,0.0.0.0,SG,Singapore,官方,68 ms
203.29.52.24,443,0.0.0.0,SG,Singapore,官方,129 ms
203.55.107.227,443,0.0.0.0,SG,Singapore,官方,40 ms
203.32.120.167,443,0.0.0.0,SG,Singapore,官方,136 ms
203.55.107.239,443,0.0.0.0,SG,Singapore,官方,283 ms
203.32.121.181,443,0.0.0.0,SG,Singapore,官方,38 ms
203.32.120.108,443,0.0.0.0,SG,Singapore,官方,27 ms
203.24.102.60,443,0.0.0.0,SG,Singapore,官方,313 ms
203.32.121.133,443,0.0.0.0,SG,Singapore,官方,12 ms
203.32.121.120,443,0.0.0.0,SG,Singapore,官方,166 ms
203.32.121.235,443,0.0.0.0,SG,Singapore,官方,155 ms
203.55.107.16,443,0.0.0.0,SG,Singapore,官方,96 ms
203.55.107.57,443,0.0.0.0,SG,Singapore,官方,130 ms
203.29.52.233,443,0.0.0.0,SG,Singapore,官方,163 ms
203.24.103.66,443,0.0.0.0,SG,Singapore,官方,13 ms
203.32.121.68,443,0.0.0.0,SG,Singapore,官方,46 ms
203.34.28.116,443,0.0.0.0,SG,Singapore,官方,66 ms
203.34.28.233,443,0.0.0.0,SG,Singapore,官方,112 ms
203.29.52.240,443,0.0.0.0,SG,Singapore,官方,50 ms
203.32.121.51,443,0.0.0.0,SG,Singapore,官方,176 ms
203.55.107.155,443,0.0.0.0,SG,Singapore,官方,91 ms
203.29.52.170,443,0.0.0.0,SG,Singapore,官方,57 ms
203.29.52.157,443,0.0.0.0,SG,Singapore,官方,130 ms
203.34.80.106,443,0.0.0.0,SG,Singapore,官方,176 ms
203.34.80.7,443,0.0.0.0,SG,Singapore,官方,198 ms
203.34.28.101,443,0.0.0.0,SG,Singapore,官方,52 ms
203.32.121.173,443,0.0.0.0,SG,Singapore,官方,167 ms
203.29.52.137,443,0.0.0.0,SG,Singapore,官方,142 ms
203.32.120.199,443,0.0.0.0,SG,Singapore,官方,42 ms
203.24.102.194,443,0.0.0.0,SG,Singapore,官方,85 ms
203.24.103.4,443,0.0.0.0,SG,Singapore,官方,118 ms
203.34.80.89,443,0.0.0.0,SG,Singapore,官方,152 ms
203.34.80.12,443,0.0.0.0,SG,Singapore,官方,92 ms
203.34.80.55,443,0.0.0.0,SG,Singapore,官方,25 ms
203.34.80.30,443,0.0.0.0,SG,Singapore,官方,209 ms
203.24.102.229,443,0.0.0.0,SG,Singapore,官方,94 ms
203.24.103.19,443,0.0.0.0,SG,Singapore,官方,125 ms
203.32.120.248,443,0.0.0.0,SG,Singapore,官方,6 ms
203.32.121.75,443,0.0.0.0,SG,Singapore,官方,127 ms
203.32.120.151,443,0.0.0.0,SG,Singapore,官方,96 ms
203.32.120.166,443,0.0.0.0,SG,Singapore,官方,54 ms
203.24.103.163,443,0.0.0.0,SG,Singapore,官方,206 ms
203.24.103.129,443,0.0.0.0,SG,Singapore,官方,67 ms
203.34.28.168,443,0.0.0.0,SG,Singapore,官方,107 ms
203.24.103.253,443,0.0.0.0,SG,Singapore,官方,27 ms
203.34.28.98,443,0.0.0.0,SG,Singapore,官方,126 ms
203.55.107.88,443,0.0.0.0,SG,Singapore,官方,37 ms
203.24.102.14,443,0.0.0.0,SG,Singapore,官方,210 ms
203.34.28.148,443,0.0.0.0,SG,Singapore,官方,113 ms
203.32.121.3,443,0.0.0.0,SG,Singapore,官方,128 ms
203.32.120.59,443,0.0.0.0,SG,Singapore,官方,194 ms
203.55.107.241,443,0.0.0.0,SG,Singapore,官方,136 ms
203.55.107.25,443,0.0.0.0,SG,Singapore,官方,294 ms
203.34.28.71,443,0.0.0.0,SG,Singapore,官方,200 ms
203.32.120.10,443,0.0.0.0,SG,Singapore,官方,117 ms
203.34.28.95,443,0.0.0.0,SG,Singapore,官方,116 ms
203.29.52.116,443,0.0.0.0,SG,Singapore,官方,46 ms
203.34.80.193,443,0.0.0.0,SG,Singapore,官方,115 ms
203.34.28.163,443,0.0.0.0,SG,Singapore,官方,201 ms
203.55.107.164,443,0.0.0.0,SG,Singapore,官方,60 ms
203.34.28.49,443,0.0.0.0,SG,Singapore,官方,20 ms
203.29.52.130,443,0.0.0.0,SG,Singapore,官方,156 ms
203.32.121.179,443,0.0.0.0,SG,Singapore,官方,168 ms
203.55.107.121,443,0.0.0.0,SG,Singapore,官方,112 ms
203.24.102.97,443,0.0.0.0,SG,Singapore,官方,256 ms
203.29.52.210,443,0.0.0.0,SG,Singapore,官方,33 ms
203.24.102.209,443,0.0.0.0,SG,Singapore,官方,67 ms
203.55.107.167,443,0.0.0.0,SG,Singapore,官方,56 ms
203.32.121.185,443,0.0.0.0,SG,Singapore,官方,240 ms
203.24.102.74,443,0.0.0.0,SG,Singapore,官方,157 ms
203.24.103.75,443,0.0.0.0,SG,Singapore,官方,76 ms
203.29.52.214,443,0.0.0.0,SG,Singapore,官方,29 ms
203.34.28.169,443,0.0.0.0,SG,Singapore,官方,246 ms
203.29.52.21,443,0.0.0.0,SG,Singapore,官方,88 ms
203.24.102.123,443,0.0.0.0,SG,Singapore,官方,16 ms
203.24.102.7,443,0.0.0.0,SG,Singapore,官方,124 ms
203.24.102.173,443,0.0.0.0,SG,Singapore,官方,192 ms
203.29.52.36,443,0.0.0.0,SG,Singapore,官方,50 ms
203.55.107.150,443,0.0.0.0,SG,Singapore,官方,195 ms
203.34.28.36,443,0.0.0.0,SG,Singapore,官方,67 ms
203.29.52.44,443,0.0.0.0,SG,Singapore,官方,123 ms
203.55.107.176,443,0.0.0.0,SG,Singapore,官方,78 ms
203.32.120.125,443,0.0.0.0,SG,Singapore,官方,132 ms
203.34.28.155,443,0.0.0.0,SG,Singapore,官方,287 ms
203.55.107.187,443,0.0.0.0,SG,Singapore,官方,85 ms
203.34.28.9,443,0.0.0.0,SG,Singapore,官方,120 ms
203.32.121.61,443,0.0.0.0,SG,Singapore,官方,88 ms
203.29.52.190,443,0.0.0.0,SG,Singapore,官方,2 ms
203.32.121.114,443,0.0.0.0,SG,Singapore,官方,134 ms
203.34.28.191,443,0.0.0.0,SG,Singapore,官方,44 ms
203.32.121.58,443,0.0.0.0,SG,Singapore,官方,125 ms
203.24.103.11,443,0.0.0.0,SG,Singapore,官方,131 ms
203.34.80.114,443,0.0.0.0,SG,Singapore,官方,14 ms
203.32.121.128,443,0.0.0.0,SG,Singapore,官方,117 ms
203.32.120.149,443,0.0.0.0,SG,Singapore,官方,130 ms
203.55.107.103,443,0.0.0.0,SG,Singapore,官方,116 ms
203.34.28.30,443,0.0.0.0,SG,Singapore,官方,233 ms
203.34.80.63,443,0.0.0.0,SG,Singapore,官方,169 ms
203.55.107.72,443,0.0.0.0,SG,Singapore,官方,200 ms
203.32.121.95,443,0.0.0.0,SG,Singapore,官方,107 ms
203.34.28.197,443,0.0.0.0,SG,Singapore,官方,108 ms
203.29.52.17,443,0.0.0.0,SG,Singapore,官方,228 ms
203.34.80.17,443,0.0.0.0,SG,Singapore,官方,144 ms
203.29.52.175,443,0.0.0.0,SG,Singapore,官方,153 ms
203.29.52.18,443,0.0.0.0,SG,Singapore,官方,60 ms
203.24.102.78,443,0.0.0.0,SG,Singapore,官方,5 ms
203.29.52.213,443,0.0.0.0,SG,Singapore,官方,37 ms
203.24.103.33,443,0.0.0.0,SG,Singapore,官方,151 ms
203.29.52.174,443,0.0.0.0,SG,Singapore,官方,17 ms
203.34.28.245,443,0.0.0.0,SG,Singapore,官方,50 ms
203.32.120.26,443,0.0.0.0,SG,Singapore,官方,101 ms
203.24.102.138,443,0.0.0.0,SG,Singapore,官方,69 ms
203.24.103.22,443,0.0.0.0,SG,Singapore,官方,62 ms
203.24.102.19,443,0.0.0.0,SG,Singapore,官方,125 ms
203.24.103.147,443,0.0.0.0,SG,Singapore,官方,248 ms
203.32.120.89,443,0.0.0.0,SG,Singapore,官方,88 ms
203.32.121.119,443,0.0.0.0,SG,Singapore,官方,113 ms
203.32.120.223,443,0.0.0.0,SG,Singapore,官方,63 ms
203.34.28.254,443,0.0.0.0,SG,Singapore,官方,59 ms
203.32.121.215,443,0.0.0.0,SG,Singapore,官方,41 ms
203.55.107.52,443,0.0.0.0,SG,Singapore,官方,160 ms
203.34.28.140,443,0.0.0.0,SG,Singapore,官方,134 ms
203.34.28.130,443,0.0.0.0,SG,Singapore,官方,12 ms
203.34.28.216,443,0.0.0.0,SG,Singapore,官方,243 ms
203.34.80.136,443,0.0.0.0,SG,Singapore,官方,336 ms
203.34.80.124,443,0.0.0.0,SG,Singapore,官方,168 ms
203.32.120.206,443,0.0.0.0,SG,Singapore,官方,247 ms
203.34.80.145,443,0.0.0.0,SG,Singapore,官方,46 ms
203.29.52.251,443,0.0.0.0,SG,Singapore,官方,218 ms
203.34.80.119,443,0.0.0.0,SG,Singapore,官方,12 ms
203.24.103.79,443,0.0.0.0,SG,Singapore,官方,51 ms
203.34.80.155,443,0.0.0.0,SG,Singapore,官方,169 ms
203.34.80.105,443,0.0.0.0,SG,Singapore,官方,77 ms
203.32.121.16,443,0.0.0.0,SG,Singapore,官方,167 ms
203.34.80.100,443,0.0.0.0,SG,Singapore,官方,77 ms
203.34.28.141,443,0.0.0.0,SG,Singapore,官方,55 ms
203.55.107.22,443,0.0.0.0,SG,Singapore,官方,32 ms
203.55.107.230,443,0.0.0.0,SG,Singapore,官方,125 ms
203.55.107.157,443,0.0.0.0,SG,Singapore,官方,154 ms
203.34.28.3,443,0.0.0.0,SG,Singapore,官方,225 ms
203.29.52.133,443,0.0.0.0,SG,Singapore,官方,229 ms
203.34.80.232,443,0.0.0.0,SG,Singapore,官方,161 ms
203.24.103.49,443,0.0.0.0,SG,Singapore,官方,87 ms
203.32.121.50,443,0.0.0.0,SG,Singapore,官方,42 ms
203.24.103.201,443,0.0.0.0,SG,Singapore,官方,10 ms
203.32.120.114,443,0.0.0.0,SG,Singapore,官方,219 ms
203.32.121.178,443,0.0.0.0,SG,Singapore,官方,141 ms
203.32.121.230,443,0.0.0.0,SG,Singapore,官方,120 ms
203.24.102.94,443,0.0.0.0,SG,Singapore,官方,57 ms
203.24.103.88,443,0.0.0.0,SG,Singapore,官方,24 ms
203.34.28.96,443,0.0.0.0,SG,Singapore,官方,105 ms
203.24.103.243,443,0.0.0.0,SG,Singapore,官方,168 ms
203.24.103.196,443,0.0.0.0,SG,Singapore,官方,138 ms
203.32.121.108,443,0.0.0.0,SG,Singapore,官方,65 ms
203.32.120.141,443,0.0.0.0,SG,Singapore,官方,14 ms
203.34.28.7,443,0.0.0.0,SG,Singapore,官方,132 ms
203.34.28.159,443,0.0.0.0,SG,Singapore,官方,35 ms
203.24.102.54,443,0.0.0.0,SG,Singapore,官方,44 ms
203.32.121.132,443,0.0.0.0,SG,Singapore,官方,4 ms
203.55.107.13,443,0.0.0.0,SG,Singapore,官方,86 ms
203.32.120.227,443,0.0.0.0,SG,Singapore,官方,134 ms
203.32.121.191,443,0.0.0.0,SG,Singapore,官方,105 ms
203.24.102.80,443,0.0.0.0,SG,Singapore,官方,96 ms
203.32.120.230,443,0.0.0.0,SG,Singapore,官方,101 ms
203.29.52.165,443,0.0.0.0,SG,Singapore,官方,29 ms
203.34.28.56,443,0.0.0.0,SG,Singapore,官方,29 ms
203.32.120.228,443,0.0.0.0,SG,Singapore,官方,108 ms
203.29.52.49,443,0.0.0.0,SG,Singapore,官方,61 ms
203.24.102.133,443,0.0.0.0,SG,Singapore,官方,97 ms
203.32.120.56,443,0.0.0.0,SG,Singapore,官方,162 ms
203.55.107.102,443,0.0.0.0,SG,Singapore,官方,244 ms
203.29.52.60,443,0.0.0.0,SG,Singapore,官方,108 ms
203.55.107.248,443,0.0.0.0,SG,Singapore,官方,57 ms
203.34.28.84,443,0.0.0.0,SG,Singapore,官方,178 ms
203.32.120.207,443,0.0.0.0,SG,Singapore,官方,37 ms
203.29.52.40,443,0.0.0.0,SG,Singapore,官方,74 ms
203.32.120.192,443,0.0.0.0,SG,Singapore,官方,12 ms
203.55.107.208,443,0.0.0.0,SG,Singapore,官方,167 ms
